name,ttm,08/31/2023,05/31/2023,02/28/2023,11/30/2022,08/31/2022,05/31/2022,02/28/2022,11/30/2021,08/31/2021,05/31/2021,02/28/2021,11/30/2020,08/31/2020,05/31/2020,02/29/2020,11/30/2019,08/31/2019,05/31/2019,02/28/2019,11/30/2018,08/31/2018,05/31/2018,02/28/2018,11/30/2017,08/31/2017,05/31/2017,02/28/2017,11/30/2016,08/31/2016,05/31/2016,02/29/2016,11/30/2015,08/31/2015,05/31/2015,02/28/2015,11/30/2014,08/31/2014,05/31/2014,02/28/2014,11/30/2013,08/31/2013,05/31/2013,02/28/2013,11/30/2012,08/31/2012,05/31/2012,02/29/2012,11/30/2011,08/31/2011,05/31/2011,02/28/2011,11/30/2010,08/31/2010,05/31/2010,02/28/2010,11/30/2009,08/31/2009,05/31/2009,02/28/2009,11/30/2008,08/31/2008,05/31/2008,02/29/2008,11/30/2007,08/31/2007,05/31/2007,02/28/2007,11/30/2006,08/31/2006,05/31/2006,02/28/2006,11/30/2005,08/31/2005,05/31/2005,02/28/2005,11/30/2004,08/31/2004,05/31/2004,02/29/2004,11/30/2003,08/31/2003,05/31/2003,02/28/2003,11/30/2002,08/31/2002,05/31/2002,02/28/2002,11/30/2001
OperatingCashFlow,"9,524,268,000","3,409,388,000","3,289,371,000","2,330,111,000","495,398,000","3,790,110,000","3,064,655,000","2,155,493,000","530,871,000","2,436,432,000","2,401,150,000","2,534,721,000","1,602,845,000","3,156,134,000","2,741,466,000","1,530,641,000","786,911,000","2,116,253,000","2,123,542,000","1,359,650,000","1,027,508,000","2,109,255,000","1,987,538,000","924,057,000","1,005,838,000","1,941,882,000","1,792,572,000","154,703,000","1,083,882,000","2,055,439,000","1,591,025,000","317,346,000","611,305,000","1,504,586,000","1,413,364,000","301,287,000","872,900,000","1,649,212,000","1,363,260,000","292,380,000","181,233,000","1,275,510,000","1,502,209,000","634,224,000","-108,815,000","1,708,191,000","1,215,590,000","857,813,000","475,258,000","1,381,276,000","1,352,960,000","601,104,000","106,399,000","1,251,605,000","960,923,000","659,981,000","219,111,000","1,046,814,000","1,014,619,000","630,637,000","468,132,000","1,030,680,000","1,080,045,000","723,994,000","-31,471,000","777,041,000","977,518,000","710,178,000","165,828,000","810,364,000","805,570,000","683,674,000","368,381,000","567,158,000","593,916,000","786,890,000","-60,883,000","393,315,000","376,150,000","860,597,000","125,887,000","434,229,000","467,007,000","413,565,000","198,307,000","516,834,000","290,672,000","453,266,000","-197,390,000"
	CashFlowFromContinuingOperatingActivities,"9,524,268,000","3,409,388,000","3,289,371,000","2,330,111,000","495,398,000","3,790,110,000","3,064,655,000","2,155,493,000","530,871,000","2,436,432,000","2,401,150,000","2,534,721,000","1,602,845,000","3,156,134,000","2,741,466,000","1,530,641,000","786,911,000","2,116,253,000","2,123,542,000","1,359,650,000","1,027,508,000","2,109,255,000","1,987,538,000","924,057,000","1,005,838,000","1,941,882,000","1,792,572,000","154,703,000","1,083,882,000","2,055,439,000","1,591,025,000","317,346,000","611,305,000","1,504,586,000","1,413,364,000","301,287,000","872,900,000","1,649,212,000","1,363,260,000","292,380,000","181,233,000","1,275,510,000","1,502,209,000","634,224,000","-108,815,000","1,708,191,000","1,215,590,000","857,813,000","475,258,000","1,381,276,000","1,352,960,000","601,104,000","106,399,000","1,251,605,000","960,923,000","659,981,000","219,111,000","1,046,814,000","1,014,619,000","630,637,000","468,132,000","1,030,680,000","1,080,045,000","723,994,000","-31,471,000","777,041,000","977,518,000","710,178,000","165,828,000","810,364,000","805,570,000","683,674,000","368,381,000","567,158,000","593,916,000","786,890,000","-60,883,000","393,315,000","376,150,000","860,597,000","125,887,000","434,229,000","467,007,000","413,565,000","198,307,000","516,834,000","290,672,000","453,266,000","-197,390,000"
		NetIncomeFromContinuingOperations,"7,003,530,000","1,408,212,000","2,048,335,000","1,550,683,000","1,996,300,000","1,692,385,000","1,819,316,000","1,657,529,000","1,819,730,000","1,437,423,000","1,569,572,000","1,461,493,000","1,522,057,000","1,305,424,000","1,252,639,000","1,252,082,000","1,375,168,000","1,145,548,000","1,268,649,000","1,140,720,000","1,291,324,000","1,048,371,000","1,058,141,000","919,540,000","1,188,542,000","983,174,000","704,801,000","887,208,000","1,059,749,000","1,130,781,000","950,283,000","1,399,858,000","868,681,000","788,125,000","850,230,000","743,192,000","892,242,000","760,168,000","881,813,000","722,331,000","811,646,000","727,327,000","874,063,000","1,187,098,000","766,031,000","636,155,000","762,831,000","714,190,000","711,757,000","682,865,000","699,069,000","565,750,000","605,556,000","510,263,000","563,519,000","461,879,000","444,817,000","254,692,000","443,969,000","411,436,000","479,866,000","434,820,000","469,089,000","406,557,000","381,285,000","316,794,000","345,400,000","296,722,000","284,232,000","346,445,000","342,264,000","69,680,000","214,940,000","229,135,000","305,280,000","209,786,000","196,273,000","182,990,000","210,409,000","123,089,000","174,340,000","120,505,000","132,141,000","118,721,000","126,871,000","38,147,000","114,461,000","10,611,000","81,676,000"
		OperatingGainsLosses,,,,,,,,,,,,,,,,,,,,,,,,,,"-3,855,000","452,666,000","12,349,000",,"-295,246,000","0",,,,,,,,,,,,,,,,,,,,,,"348,000","60,000","3,276,000","-73,779,000","79,981,000","307,285,000","41,023,000","132,436,000","116,712,000","117,871,000","142,929,000","123,814,000","110,165,000","88,382,000","126,924,000","126,805,000","123,029,000","161,794,000","-28,387,000","102,204,000","175,063,000","165,504,000","136,373,000","108,799,000","140,536,000","-383,843,000","182,890,000","115,739,000","90,413,000","138,409,000","193,751,000","109,184,000","153,165,000","109,791,000","157,977,000","236,228,000","230,360,000"
			GainLossOnSaleOfBusiness,,,,,,,,,,,,,,,,,,,,,,"0",,,,"-3,855,000","-8,242,000","12,349,000",,"-295,246,000","0",,,,,,,,,,,,,,,,,,,,,,,,"3,276,000",,,,,,,,,,,,,,,,,,,,,,,,,,,,,,,,,,
			PensionAndEmployeeBenefitExpense,,,,,,,,,,,,,,,,,,,,,,"0",,,,"0",,,,,,,,,,,,,,,,,,,,,,,,,,,,,,,,,,,,,,,,,,,,,,,,,,,,,,,,,,,,,,,
		DepreciationAmortizationDepletion,"2,281,085,000","641,281,000","601,099,000","532,476,000","506,229,000","534,905,000","524,186,000","528,260,000","500,865,000","486,281,000","478,986,000","457,775,000","468,200,000","486,890,000","444,660,000","442,116,000","399,458,000","240,168,000","221,309,000","219,598,000","211,685,000","235,090,000","238,389,000","220,664,000","232,633,000","232,069,000","194,480,000","187,807,000","187,433,000","193,415,000","181,010,000","172,745,000","181,882,000","173,763,000","153,405,000","152,236,000","166,519,000","164,079,000","162,197,000","149,140,000","145,327,000","153,707,000","142,131,000","157,266,000","139,924,000","178,909,000","135,001,000","147,010,000","132,625,000","141,340,000","130,773,000","121,084,000","120,059,000","124,958,000","116,314,000","118,518,000","114,898,000","127,582,000","116,377,000","135,069,000","119,563,000","136,957,000","118,251,000","111,045,000","125,168,000","115,571,000","79,482,000","104,465,000","144,981,000","91,577,000","75,115,000","74,647,000","79,271,000","75,084,000","85,083,000","68,971,000","52,935,000","59,122,000","55,139,000","80,110,000","62,709,000","57,747,000","56,423,000","62,182,000","60,853,000","69,624,000","74,146,000","72,522,000","69,069,000"
			DepreciationAndAmortization,"2,281,085,000","641,281,000","601,099,000","532,476,000","506,229,000","534,905,000","524,186,000","528,260,000","500,865,000","486,281,000","478,986,000","457,775,000","468,200,000","486,890,000","444,660,000","442,116,000","399,458,000","240,168,000","221,309,000","219,598,000","211,685,000","235,090,000","238,389,000","220,664,000","232,633,000","232,069,000","194,480,000","187,807,000","187,433,000","193,415,000","181,010,000","172,745,000","181,882,000","173,763,000","153,405,000","152,236,000","166,519,000","164,079,000","162,197,000","149,140,000","145,327,000","153,707,000","142,131,000","157,266,000","139,924,000","178,909,000","135,001,000","147,010,000","132,625,000","141,340,000","130,773,000","121,084,000","120,059,000","124,958,000","116,314,000","118,518,000","114,898,000","127,582,000","116,377,000","135,069,000","119,563,000","136,957,000","118,251,000","111,045,000","125,168,000","115,571,000","79,482,000","104,465,000","144,981,000","91,577,000","75,115,000","74,647,000","79,271,000","75,084,000","85,083,000","68,971,000","52,935,000","59,122,000","55,139,000","80,110,000","62,709,000","57,747,000","56,423,000","62,182,000","60,853,000","69,624,000","74,146,000","72,522,000","69,069,000"
				Depreciation,,,"407,805,000","327,104,000","506,229,000","534,905,000","524,186,000","528,260,000","500,865,000","486,281,000","478,986,000","457,775,000","468,200,000","486,890,000","444,660,000","442,116,000","399,458,000","240,168,000","221,309,000","219,598,000","211,685,000","235,090,000","238,389,000","220,664,000","232,633,000","232,069,000","194,480,000","187,807,000","187,433,000","193,415,000","181,010,000","172,745,000","181,882,000","173,763,000","153,405,000","152,236,000","166,519,000","164,079,000","162,197,000","149,140,000","145,327,000","153,707,000","142,131,000",,,,,,,,,,,,,,,,,,,,,,,,,,,,,,,,,,,,,,,,,,,,,,
				AmortizationCashFlow,,,"193,294,000","205,372,000","179,509,000",,,,,,,,,,,,,,,,,,,,,,,,,,,,,,,,,,,,,,,,,,,,,,,,,,,,,,,,,,,,,,,,,,,,,,,,,,,,,,,,,,,,
					AmortizationOfIntangibles,,,"193,294,000","205,372,000","179,509,000",,,,,,,,,,,,,,,,,,,,,,,,,,,,,,,,,,,,,,,,,,,,,,,,,,,,,,,,,,,,,,,,,,,,,,,,,,,,,,,,,,,,
		DeferredTax,,,"-43,942,000","-37,758,000","-54,537,000","-185,510,000","-12,114,000","14,521,000","-30,191,000","120,643,000","-64,219,000","23,602,000","-19,096,000","42,706,000","41,256,000","50,398,000","36,591,000","-49,230,000","2,494,000","-46,990,000","-2,634,000","169,985,000","-134,547,000","96,140,000","-37,578,000","-36,118,000","-267,742,000","25,740,000","-86,013,000","101,560,000","27,190,000","-42,960,000","-19,850,000","-334,148,000","-120,881,000","115,255,000","-119,335,000","129,513,000","-48,867,000","-90,994,000","-63,744,000","-80,303,000","-76,733,000","15,859,000","-68,497,000","-43,275,000","-71,268,000","-32,948,000","-28,587,000","-72,982,000","-80,201,000","-20,056,000","-23,156,000","83,016,000","-19,726,000","4,648,000","-9,209,000","-64,333,000","37,251,000","-14,785,000","-21,112,000","-68,311,000","-1,043,000","12,099,000","-32,697,000","-15,800,000","-18,933,000","-60,798,000","-12,142,000","-124,996,000","-83,648,000","24,317,000","-39,310,000","-34,483,000","114,304,000","-14,646,000","-2,036,000","82,892,000","22,490,000","-8,075,000","-4,443,000","33,890,000","20,220,000","19,830,000","-10,928,000","-105,693,000","-16,267,000","23,641,000","-40,421,000"
			DeferredIncomeTax,,,"-43,942,000","-37,758,000","-54,537,000","-185,510,000","-12,114,000","14,521,000","-30,191,000","120,643,000","-64,219,000","23,602,000","-19,096,000","42,706,000","41,256,000","50,398,000","36,591,000","-49,230,000","2,494,000","-46,990,000","-2,634,000","169,985,000","-134,547,000","96,140,000","-37,578,000","-36,118,000","-267,742,000","25,740,000","-86,013,000","101,560,000","27,190,000","-42,960,000","-19,850,000","-334,148,000","-120,881,000","115,255,000","-119,335,000","129,513,000","-48,867,000","-90,994,000","-63,744,000","-80,303,000","-76,733,000","15,859,000","-68,497,000","-43,275,000","-71,268,000","-32,948,000","-28,587,000","-72,982,000","-80,201,000","-20,056,000","-23,156,000","83,016,000","-19,726,000","4,648,000","-9,209,000","-64,333,000","37,251,000","-14,785,000","-21,112,000","-68,311,000","-1,043,000","12,099,000","-32,697,000","-15,800,000","-18,933,000","-60,798,000","-12,142,000","-124,996,000","-83,648,000","24,317,000","-39,310,000","-34,483,000","114,304,000","-14,646,000","-2,036,000","82,892,000","22,490,000","-8,075,000","-4,443,000","33,890,000","20,220,000","19,830,000","-10,928,000","-105,693,000","-16,267,000","23,641,000","-40,421,000"
		StockBasedCompensation,"1,913,051,000","383,017,000","472,695,000","631,870,000","425,469,000","360,234,000","407,257,000","546,607,000","365,691,000","275,700,000","331,038,000","424,892,000","311,321,000","259,706,000","290,866,000","372,305,000","274,929,000","236,301,000","263,674,000","346,762,000","246,516,000","225,082,000","245,900,000","293,035,000","212,891,000","183,298,000","209,614,000","252,527,000","149,796,000","173,532,000","226,929,000","228,532,000","129,183,000","148,638,000","195,576,000","207,200,000","128,915,000","151,312,000","186,303,000","206,780,000","126,906,000","142,561,000","174,713,000","184,434,000","114,170,000","125,697,000","150,872,000","160,959,000","100,558,000","106,419,000","125,530,000","133,092,000","85,096,000","99,193,000","107,213,000","120,811,000","98,605,000","109,988,000",,,,,,,,,,,,,,,,,,,,,,,,,,,,,,,
		OtherNonCashItems,,,"-286,256,000","103,274,000","-45,940,000","-95,996,000","10,479,000","-39,976,000","-70,482,000","-51,753,000","-30,874,000","-156,416,000","-103,806,000","-100,924,000","26,343,000","-48,359,000","-120,927,000","-1,797,000","-6,300,000","-37,181,000","-42,244,000","-36,526,000","-17,480,000","66,329,000","-4,714,000","117,875,000","95,036,000","16,396,000","-141,184,000","-7,721,000","6,979,000","25,904,000","-78,868,000","6,523,000","-61,890,000","-71,318,000","-111,191,000","-28,064,000","30,699,000","22,503,000","-18,015,000","484,000","-49,224,000","-248,937,000","27,021,000","64,483,000","-172,040,000","30,175,000","-16,950,000","17,472,000","12,750,000","32,299,000","18,606,000","45,111,000","-33,346,000","-36,553,000","60,392,000","3,690,000","-132,956,000","121,968,000","90,228,000","99,637,000","109,545,000","110,715,000","80,340,000","104,303,000","80,278,000","80,267,000","68,313,000","101,691,000",,,,,,,,,,,,,,,,,,,
		ChangeInWorkingCapital,"-1,673,398,000","976,878,000","497,440,000","-384,918,000","-2,432,600,000","1,202,586,000","315,531,000","-551,448,000","-2,155,415,000","237,028,000","116,647,000","323,375,000","-575,831,000","1,104,114,000","685,702,000","-537,901,000","-1,178,308,000","494,236,000","373,716,000","-347,430,000","-677,139,000","600,712,000","597,135,000","-509,182,000","-585,936,000","547,196,000","403,717,000","-1,185,188,000","-85,899,000","852,957,000","198,634,000","-913,156,000","-469,723,000","394,060,000","396,924,000","-801,341,000","-314,776,000","573,653,000","151,115,000","-717,380,000","-884,631,000","251,431,000","360,526,000","-661,496,000","-1,128,940,000","767,430,000","166,886,000","-164,346,000","-469,682,000","504,642,000","397,588,000","-230,717,000","-704,312,000","389,004,000","173,877,000","-41,227,000","-519,190,000","307,910,000","166,120,000","-155,487,000","-317,125,000","309,706,000","241,274,000","-40,236,000","-695,732,000","167,791,000","364,367,000","162,717,000","-442,585,000","233,853,000","299,696,000","412,826,000","-61,583,000","131,918,000","-47,124,000","413,980,000","-448,591,000","-62,045,000","-94,778,000","549,734,000","-197,132,000","83,678,000","64,472,000","103,648,000","-131,654,000","404,965,000","-39,645,000","110,264,000","-538,074,000"
			ChangeInReceivables,,,"-51,695,000","250,914,000","-609,433,000","182,829,000","-794,219,000","-446,150,000","-1,354,195,000","-159,629,000","-625,060,000","-92,449,000","-594,475,000","817,865,000","224,342,000","116,165,000","-436,872,000","-32,564,000","-11,797,000","54,946,000","-536,882,000","-58,489,000","-184,853,000","119,760,000","-587,222,000","164,892,000","66,196,000","38,854,000","-343,264,000","225,245,000","-266,762,000","51,492,000","-380,043,000","-113,661,000","-102,419,000","14,472,000","-225,517,000","-206,139,000","-222,822,000","-2,455,000","-273,116,000","43,998,000","52,382,000","-39,865,000","-366,209,000","90,081,000","-26,240,000","22,329,000","-214,629,000","-102,126,000","-98,968,000","66,737,000","-486,124,000","25,948,000","-116,050,000","-48,606,000","-238,525,000","414,921,000","222,511,000","354,048,000","-9,418,000","-295,891,000","-310,437,000","257,094,000","-415,611,000","379,256,000","-63,242,000","163,043,000","-486,533,000","476,081,000","61,585,000","61,420,000","-289,402,000","123,703,000","-661,838,000","367,372,000","-482,488,000","174,027,000","-226,311,000","91,766,000","-222,480,000","153,839,000","104,834,000","-19,478,000","-203,664,000","219,961,000","-15,635,000","201,680,000","-234,123,000"
				ChangesInAccountReceivables,,,,,,,,,,,,,,,,"116,165,000","-436,872,000","-32,564,000","-11,797,000","54,946,000","-536,882,000","-12,069,000","-91,580,000","62,079,000","-434,471,000","70,989,000","121,713,000","-83,265,000","-279,151,000","251,929,000","-256,201,000","71,242,000","-244,126,000","-90,846,000","-13,419,000","-20,634,000","-34,091,000","-132,990,000","-203,153,000","-15,041,000","-113,455,000","64,432,000","100,589,000",,,,,,,,,,"-486,124,000","-242,342,000","-114,670,000","63,774,000","-83,995,000","859,958,000",,,,,,,,,,,,,,,,,,,,,,,,,,,,,,,
			ChangeInPayablesAndAccruedExpense,,,"726,569,000","-1,117,296,000","-858,738,000","1,127,370,000","1,323,843,000","-184,998,000","-146,554,000","752,421,000","934,769,000","463,452,000","231,635,000","334,234,000","343,311,000","-751,193,000","-238,681,000","427,544,000","578,770,000","-624,190,000","19,076,000","686,577,000","726,328,000","-1,016,112,000","265,585,000","342,827,000","522,441,000","-1,265,336,000","471,776,000","686,134,000","501,957,000","-1,179,791,000","199,089,000","793,331,000","493,207,000","-919,618,000","438,213,000","479,214,000","403,582,000","-716,801,000","-123,227,000","221,382,000","456,665,000","-828,210,000","-27,610,000","-9,708,000","463,914,000","-339,224,000","-110,035,000","8,271,000","526,006,000","-182,068,000","-102,267,000","471,859,000","452,833,000","-152,081,000","-98,691,000","84,665,000","-384,443,000","-168,066,000","-101,040,000","143,541,000","30,896,000","-114,608,000","87,576,000","136,032,000","28,999,000","-11,935,000","-45,563,000","66,332,000","9,629,000","-21,657,000","-6,147,000","34,575,000","4,078,000","56,978,000","174,868,000","793,046,000","27,362,000","321,000","-82,018,000","145,087,000","44,959,000","-11,949,000","-71,393,000","88,887,000","-48,357,000","4,959,000","-11,070,000"
				ChangeInPayable,,,"77,678,000","-175,571,000","-86,995,000","345,114,000","292,626,000","79,511,000","130,411,000","222,818,000","369,921,000","161,278,000","183,250,000","-133,104,000","-13,117,000","-181,174,000","22,911,000","-27,356,000","90,865,000","12,802,000","-62,041,000","47,630,000","175,255,000","-21,321,000","-185,602,000","2,096,000","263,971,000","-59,795,000","-16,839,000","45,683,000","114,487,000","-119,417,000","-219,382,000","388,461,000","118,726,000","-305,099,000","16,497,000","72,886,000","125,681,000","-114,960,000","97,779,000","-36,232,000","176,493,000","-499,417,000","93,181,000","101,039,000","110,966,000","-116,308,000","-90,750,000","116,123,000","137,516,000","66,886,000","-70,583,000","242,253,000","75,160,000","35,362,000","-38,326,000","-24,074,000",,,,,,,,,,,,,,,,,,,,,,,,,,,,,,,
					ChangeInTaxPayable,,,"168,573,000","-226,015,000","115,187,000","113,051,000","104,865,000","66,425,000","188,972,000","-80,567,000","212,340,000","-54,733,000","34,755,000","-19,140,000","111,604,000","-122,106,000","84,840,000","-110,398,000","25,451,000","-30,415,000","-47,554,000","82,994,000","128,424,000","-61,876,000","34,391,000","-201,313,000","219,692,000","-89,209,000","86,551,000","-88,285,000","100,543,000","-108,635,000","-154,878,000","289,840,000","64,652,000","-361,107,000","111,652,000","-49,695,000","101,689,000","-43,871,000","100,737,000","-6,203,000","121,155,000","-478,583,000","102,729,000","37,093,000","146,097,000","-93,768,000","-16,393,000","35,358,000","135,270,000","36,907,000","-20,598,000","103,954,000","58,521,000","-1,230,000","28,078,000","-52,316,000",,,,,,,,,,,,,,,,,,,,,,,,,,,,,,,
						ChangeInIncomeTaxPayable,,,"168,573,000","-226,015,000","115,187,000","113,051,000","104,865,000","66,425,000","188,972,000","-80,567,000","212,340,000","-54,733,000","34,755,000","-19,140,000","111,604,000","-122,106,000","84,840,000","-110,398,000","25,451,000","-30,415,000","-47,554,000","82,994,000","128,424,000","-61,876,000","34,391,000","-201,313,000","219,692,000","-89,209,000","86,551,000","-88,285,000","100,543,000","-108,635,000","-154,878,000","289,840,000","64,652,000","-361,107,000","111,652,000","-49,695,000","101,689,000","-43,871,000","100,737,000","-6,203,000","121,155,000","-478,583,000","102,729,000","37,093,000","146,097,000","-93,768,000","-16,393,000","35,358,000","135,270,000","36,907,000","-20,598,000","103,954,000","58,521,000","-1,230,000","28,078,000","-52,316,000",,,,,,,,,,,,,,,,,,,,,,,,,,,,,,,
					ChangeInAccountPayable,,,"-90,895,000","50,444,000","-202,182,000","232,063,000","187,761,000","13,086,000","-58,561,000","303,385,000","157,581,000","216,011,000","148,495,000","-113,964,000","-124,721,000","-59,068,000","-61,929,000","83,042,000","65,414,000","43,217,000","-14,487,000","-35,364,000","46,831,000","40,555,000","-219,993,000","203,409,000","44,279,000","29,414,000","-103,390,000","133,968,000","13,944,000","-10,782,000","-64,504,000","98,621,000","54,074,000","56,008,000","-95,155,000","122,581,000","23,992,000","-71,089,000","-2,958,000","-30,029,000","55,338,000","-20,834,000","-9,548,000","63,946,000","-35,131,000","-22,540,000","-74,357,000","80,765,000","2,246,000","29,979,000","-49,985,000","138,299,000","16,639,000","36,592,000","-66,404,000","28,242,000",,,,,,,,,,,,,,,,,,,,,,,,,,,,,,,
				ChangeInAccruedExpense,,,"648,891,000","-941,725,000","-771,743,000","782,256,000","1,031,217,000","-264,509,000","-276,965,000","529,603,000","564,848,000","302,174,000","48,385,000","467,338,000","356,428,000","-570,019,000","-261,592,000","454,900,000","487,905,000","-636,992,000","81,117,000","638,947,000","551,073,000","-994,791,000","451,187,000","340,731,000","258,470,000","-1,205,541,000","488,615,000","640,451,000","387,470,000","-1,060,374,000","418,471,000","404,870,000","374,481,000","-614,519,000","421,716,000","406,328,000","277,901,000","-601,841,000","-221,006,000","257,614,000","280,172,000","-328,793,000","-120,791,000",,"352,948,000","-222,916,000","-19,285,000",,"388,490,000","-248,954,000","-31,684,000","229,606,000","377,673,000","-187,443,000","-60,365,000","108,739,000",,,,,,,,,,,,,,,,,,,,,,,,,,,,,,,
			ChangeInOtherCurrentAssets,,,"-53,685,000","-227,313,000","-307,960,000","-3,278,000","-102,939,000","-390,171,000","-220,522,000","-221,948,000","-30,508,000","-321,251,000","-18,129,000","-19,657,000","-45,369,000","-337,360,000","-101,096,000","-116,675,000","-90,554,000","-126,801,000","-155,787,000","-268,123,000","45,609,000","-133,468,000","-154,120,000","-41,262,000","-110,848,000","-191,894,000","-71,564,000","-206,605,000","-65,962,000","-158,376,000","-224,933,000","-118,793,000","107,790,000","-145,843,000","-243,678,000","-49,364,000","61,114,000","-149,665,000","-205,477,000","-93,009,000","35,262,000",,,,,,,,,,,,,,,,,,,,"12,415,000","-1,574,000","11,175,000","165,798,000","-78,607,000","-100,288,000","16,155,000","17,136,000","-386,181,000","385,279,000","19,521,000","-24,668,000","429,154,000","-368,324,000","-48,616,000","-126,599,000","-60,296,000","38,416,000","-60,323,000","11,525,000","-17,794,000","21,228,000","-670,000","43,699,000","-129,074,000","-15,564,000","18,300,000"
			ChangeInOtherCurrentLiabilities,,,"-85,557,000","-47,040,000","-285,004,000","114,162,000","-126,093,000","-251,372,000","-182,786,000","-280,420,000","-193,366,000","-324,037,000","-43,506,000","56,957,000","323,200,000","-173,882,000","-216,346,000","351,524,000","-7,043,000","7,773,000","-16,826,000","16,291,000","63,743,000","72,016,000","36,429,000","77,543,000","-3,574,000","-126,490,000","64,590,000","25,005,000","85,610,000","-83,801,000","63,876,000","71,376,000","48,660,000","-72,716,000","-18,559,000","90,556,000","67,768,000","-96,131,000","-145,724,000","222,333,000","4,410,000",,,,,,,,,,,,,,,,,"-374,183,000","-73,550,000","942,432,000","461,310,000","-63,167,000","-401,171,000","143,206,000","476,286,000","120,108,000","70,742,000","86,180,000","235,783,000","-12,216,000","214,445,000","-1,692,000","181,482,000","357,954,000","-92,355,000",,"164,467,000","419,231,000","167,689,000","-226,773,000","-67,527,000","113,847,000","144,073,000","52,418,000","153,421,000","-80,811,000","-311,181,000"
			ChangeInOtherWorkingCapital,,,"-38,192,000","690,301,000","-270,988,000","63,009,000","14,939,000","721,243,000","-150,685,000","77,714,000","30,812,000","597,660,000","-151,356,000","-27,067,000","-159,782,000","608,369,000","-185,313,000","-84,566,000","-95,660,000","425,013,000","13,280,000","91,000,000","-53,692,000","286,153,000","-146,608,000","-78,561,000","-70,498,000","317,542,000","-207,437,000","29,339,000","-56,209,000","457,320,000","-127,712,000","89,432,000","-150,314,000","278,427,000","-34,709,000","157,937,000","-158,527,000","247,672,000","-153,155,000","-38,211,000","-44,790,000","694,768,000","-693,645,000","664,158,000","-27,480,000","155,322,000","-99,481,000","598,497,000","38,001,000","-115,386,000","-111,719,000","-108,803,000","-113,110,000","185,163,000","-233,157,000","-191,676,000","-119,681,000","32,714,000","-133,117,000","-458,360,000","47,090,000","-117,981,000","22,299,000","-656,501,000","931,000","-8,211,000","2,614,000","-411,876,000",,,,,,,,,,,,,,,,,,,
InvestingCashFlow,"-2,622,470,000","-1,367,090,000","4,991,000","-478,297,000","-782,074,000","-1,408,592,000","-666,954,000","-272,502,000","-1,912,581,000","-2,851,316,000","-572,688,000","-439,355,000","-446,407,000","-246,342,000","-884,995,000","-597,289,000","-165,893,000","-375,868,000","-655,165,000","-451,675,000","-272,868,000","-374,968,000","-270,001,000","-345,676,000","-258,959,000","-652,394,000","-547,697,000","-344,166,000","-689,622,000","-62,472,000","-177,245,000","335,859,000","-706,492,000","-494,489,000","-424,948,000","-161,734,000","-89,213,000","-164,873,000","-148,327,000","-547,659,000","-195,552,000","-532,586,000","-151,229,000","-176,663,000","-295,737,000","-112,615,000","-95,568,000","-87,291,000","-239,911,000","-321,130,000","-111,832,000","-135,585,000","-134,840,000","-109,920,000","-86,631,000","-47,854,000","-29,360,000","-95,582,000","-36,588,000","-53,231,000","-59,773,000","-125,844,000","-21,344,000","-139,403,000","-37,403,000","-234,479,000","-181,531,000","87,285,000","-21,723,000","-322,329,000","23,075,000","-110,186,000","156,940,000","-304,150,000","-71,094,000","192,455,000","-391,967,000","-98,699,000","-396,713,000","-356,112,000","-45,093,000","-86,689,000","-1,665,000","-45,415,000","24,929,000","-114,900,000","-72,194,000","3,262,000","-64,200,000"
	CashFlowFromContinuingInvestingActivities,"-2,622,470,000","-1,367,090,000","4,991,000","-478,297,000","-782,074,000","-1,408,592,000","-666,954,000","-272,502,000","-1,912,581,000","-2,851,316,000","-572,688,000","-439,355,000","-446,407,000","-246,342,000","-884,995,000","-597,289,000","-165,893,000","-375,868,000","-655,165,000","-451,675,000","-272,868,000","-374,968,000","-270,001,000","-345,676,000","-258,959,000","-652,394,000","-547,697,000","-344,166,000","-689,622,000","-62,472,000","-177,245,000","335,859,000","-706,492,000","-494,489,000","-424,948,000","-161,734,000","-89,213,000","-164,873,000","-148,327,000","-547,659,000","-195,552,000","-532,586,000","-151,229,000","-176,663,000","-295,737,000","-112,615,000","-95,568,000","-87,291,000","-239,911,000","-321,130,000","-111,832,000","-135,585,000","-134,840,000","-109,920,000","-86,631,000","-47,854,000","-29,360,000","-95,582,000","-36,588,000","-53,231,000","-59,773,000","-125,844,000","-21,344,000","-139,403,000","-37,403,000","-234,479,000","-181,531,000","87,285,000","-21,723,000","-322,329,000","23,075,000","-110,186,000","156,940,000","-304,150,000","-71,094,000","192,455,000","-391,967,000","-98,699,000","-396,713,000","-356,112,000","-45,093,000","-86,689,000","-1,665,000","-45,415,000","24,929,000","-114,900,000","-72,194,000","3,262,000","-64,200,000"
		NetPPEPurchaseAndSale,"-528,172,000","-180,294,000","-141,500,000","-107,548,000","-98,830,000","-177,051,000","-194,616,000","-164,660,000","-181,671,000","-236,295,000","-158,212,000","-92,510,000","-93,115,000","-188,718,000","-149,981,000","-165,370,000","-95,063,000","-241,260,000","-140,261,000","-139,797,000","-72,892,000","-179,383,000","-172,426,000","-132,896,000","-131,462,000","-191,146,000","-134,127,000","-104,409,000","-83,315,000","-160,066,000","-92,334,000","-147,480,000","-93,826,000","-148,037,000","-112,761,000","-81,568,000","-51,858,000","-101,457,000","-82,696,000","-75,457,000","-58,959,000","-102,229,000","-90,576,000","-88,652,000","-86,547,000","-115,258,000","-90,462,000","-85,379,000","-80,875,000","-133,606,000","-112,681,000","-77,365,000","-75,483,000","-100,893,000","-57,750,000","-44,046,000","-34,817,000","-73,925,000","-42,045,000","-51,694,000","-71,126,000","-86,047,000","-63,480,000","-72,361,000","-87,641,000","-137,348,000","-79,691,000","-69,196,000","-63,587,000","-96,229,000","-56,912,000","-62,526,000","-76,556,000","-128,211,000","-69,355,000","-59,950,000","-53,938,000","-95,687,000","-77,147,000","-53,629,000","-44,497,000","-76,277,000","-52,412,000","-46,573,000","-17,535,000","-106,741,000","-62,684,000","16,703,000","-41,800,000"
			PurchaseOfPPE,"-528,172,000","-180,294,000","-141,500,000","-107,548,000","-98,830,000","-177,051,000","-194,616,000","-164,660,000","-181,671,000","-236,295,000","-158,212,000","-92,510,000","-93,115,000","-188,718,000","-149,981,000","-165,370,000","-95,063,000","-241,260,000","-140,261,000","-139,797,000","-77,691,000","-179,383,000","-173,556,000","-132,896,000","-133,352,000","-191,146,000","-135,811,000","-104,409,000","-84,553,000","-160,066,000","-93,655,000","-148,068,000","-94,777,000","-148,037,000","-113,554,000","-81,568,000","-51,858,000","-101,457,000","-85,287,000","-76,167,000","-58,959,000","-102,229,000","-90,576,000","-90,241,000","-86,547,000","-115,258,000","-90,462,000","-85,379,000","-80,875,000","-136,975,000","-112,681,000","-78,575,000","-75,483,000","-101,602,000","-57,750,000","-44,046,000","-34,817,000","-75,321,000","-43,645,000","-52,613,000","-71,876,000","-86,734,000","-66,316,000","-78,538,000","-88,780,000","-139,320,000","-82,007,000","-75,900,000","-67,144,000","-97,008,000","-59,333,000","-71,877,000","-77,956,000","-131,259,000","-70,300,000","-61,316,000","-54,897,000","-102,095,000","-78,651,000","-54,502,000","-46,738,000","-77,804,000","-54,794,000","-60,063,000","-18,904,000","-107,428,000","-64,588,000","-48,758,000","-42,057,000"
			SaleOfPPE,,,,,,,,,,,,,,,,,,,,,"4,799,000","-313,000","1,130,000","4,225,000","1,890,000","1,286,000","1,684,000","6,055,000","1,238,000","1,360,000","1,321,000","588,000","951,000","3,050,000","793,000","655,000","1,286,000","1,431,000","2,591,000","710,000","794,000","4,486,000","10,529,000","1,589,000","762,000","3,342,000","729,000","949,000","957,000","3,369,000","1,456,000","1,210,000","720,000","709,000","897,000","1,406,000","780,000","1,396,000","1,600,000","919,000","750,000","687,000","2,836,000","6,177,000","1,139,000","1,972,000","2,316,000","6,704,000","3,557,000","779,000","2,421,000","9,351,000","1,400,000","3,048,000","945,000","1,366,000","959,000","6,408,000","1,504,000","873,000","2,241,000","1,527,000","2,382,000","13,490,000","1,369,000","687,000","1,904,000","65,461,000","257,000"
		NetBusinessPurchaseAndSale,"-2,106,476,000","-1,190,582,000","143,218,000","-373,248,000","-685,864,000","-1,234,724,000","-475,274,000","-110,272,000","-1,734,941,000","-2,622,986,000","-429,551,000","-350,192,000","-354,841,000","-59,726,000","-736,376,000","-434,456,000","-70,648,000","-137,120,000","-514,727,000","-313,297,000","-199,976,000","-195,272,000","-97,575,000","-217,005,000","-127,497,000","-462,534,000","-413,570,000","-245,812,000","-606,307,000","96,234,000","-84,911,000","483,339,000","-612,666,000","-349,502,000","-322,740,000","-80,821,000","-38,641,000","-64,847,000","-65,631,000","-472,202,000","-137,387,000","-434,843,000","-71,182,000","-88,011,000","-209,952,000","-699,000","-10,808,000","-2,821,000","-160,055,000","-187,525,000","-400,000","-58,219,000","-60,043,000","-12,545,000","-28,441,000","-2,266,000","2,177,000","-24,099,000","-2,582,000","-1,536,000","893,000","-53,642,000","-43,296,000","-148,755,000","-50,619,000","-158,740,000","-27,949,000","14,195,000","-19,862,000","-96,111,000","-87,432,000","-32,315,000","-5,127,000","-181,604,000",,,,"-13,712,000","-11,819,000","0","-6,131,000","-11,430,000","-4,607,000","-1,184,000","-2,612,000","-12,253,000","-9,690,000",,
			PurchaseOfBusiness,"-2,530,863,000","-1,196,856,000","-257,020,000","-390,527,000","-686,460,000","-1,235,164,000","-471,713,000","-113,746,000","-1,735,028,000","-2,626,711,000","-429,237,000","-611,332,000","-503,843,000","-205,233,000","-742,062,000","-474,456,000","-109,848,000","-137,156,000","-540,833,000","-314,665,000","-200,417,000","-201,144,000","-111,900,000","-217,005,000","-127,497,000","-462,688,000","-413,570,000","-245,812,000","-606,307,000","-99,994,000","-84,911,000","-134,971,000","-612,666,000","-349,502,000","-322,740,000","-80,821,000","-38,641,000","-64,847,000","-65,631,000","-472,202,000","-137,387,000","-434,843,000","-71,182,000","-88,011,000","-209,952,000","-699,000","-10,808,000","-2,821,000","-160,055,000","-187,525,000","-400,000","-58,219,000","-60,043,000","-12,545,000","-28,441,000","-2,266,000",,"-24,099,000",,,,,,,,,,,,,,,,,,,,,,,,,,,,,,,
			SaleOfBusiness,"424,387,000","6,274,000","400,238,000","17,279,000","596,000","440,000",,"3,474,000","87,000","3,725,000","-314,000","261,140,000","149,002,000","145,507,000","5,686,000","40,000,000","39,200,000","36,000","26,106,000","1,368,000","441,000","5,872,000",,,,"154,000",,,,"196,228,000","0",,,,,,,,,,,,,,,,,,,,,,,"0","0","-2,177,000","2,177,000","0",,,,,,,,,,,,,,,,,,,,,,,,,,,,,,,
		NetInvestmentPurchaseAndSale,,,,,,,,,,,,,,,,,,,,,,,,,,,,,,,,,,"0",,,,,,,,"0","0","0","0","0","4,973,000","-40,000","62,000","1,000","-207,000","-1,000","-34,000","3,518,000","-1,337,000","-2,948,000","2,500,000","2,442,000","8,039,000","-1,000","10,460,000","13,845,000","85,432,000","81,713,000","100,857,000","61,609,000","-73,891,000","142,286,000","61,726,000","-134,249,000","167,419,000","-15,345,000","238,623,000","5,665,000","5,126,000","252,405,000","-338,029,000","10,700,000","-307,747,000","-302,483,000","5,535,000","1,018,000","55,354,000","2,342,000","45,076,000","4,094,000","180,000","34,359,000","-22,400,000"
			PurchaseOfInvestment,,,,,,,,,,,,,,,,,,,,,,,,,,,,,,,,,,,,,,,,,,"0","0","0","0","0","-828,000","-3,165,000","-3,561,000","-4,339,000","-6,108,000","-673,000","-53,000","-2,363,000","-4,365,000","-6,055,000","-745,000","-105,000","-559,000","-922,000","-196,000","-8,402,000","359,000","-519,000","-19,132,000","-154,989,000","-197,534,000","-69,103,000","-272,107,000","-211,132,000","-18,857,000","-156,950,000","-14,242,000","-166,513,000","-161,158,000","-184,050,000","-507,596,000","-199,704,000","-415,043,000",,,,,,,,,,"-30,761,000"
			SaleOfInvestment,,,,,,,,,,,,,,,,,,,,,,,,,,,,,,,,,,"0",,,,,,,,"0","0","0","0","0","5,801,000","3,125,000","3,623,000","4,340,000","5,901,000","672,000","19,000","5,881,000","3,028,000","3,107,000","3,245,000","2,547,000","8,598,000","921,000","10,656,000","22,247,000","85,073,000","82,232,000","119,989,000","216,598,000","123,643,000","211,389,000","333,833,000","76,883,000","186,276,000","141,605,000","252,865,000","172,178,000","166,284,000","436,455,000","169,567,000","210,404,000","107,296,000","97,768,000","5,535,000","1,018,000","55,354,000","2,342,000","45,076,000","4,094,000","180,000","3,598,000","8,361,000"
		NetOtherInvestingChanges,"12,178,000","3,786,000","3,273,000","2,499,000","2,620,000","3,183,000","2,936,000","2,430,000","4,031,000","7,965,000","15,075,000","3,347,000","1,549,000","2,102,000","1,362,000","2,537,000","-182,000","2,512,000","-177,000","1,419,000",,"-313,000",,"4,225,000",,"1,286,000",,"6,055,000",,"1,360,000",,,,"3,050,000",,"655,000","1,286,000","1,431,000",,,"794,000","4,486,000","10,529,000",,"762,000","3,342,000","5,702,000","909,000","1,019,000",,"1,249,000",,"686,000",,"-440,000","-1,542,000","3,280,000",,,,,,,,,,,,,,,,,,,,,,,,,,,,,,,,
FinancingCashFlow,"-5,645,326,000","-1,480,301,000","-972,824,000","-1,515,341,000","-1,676,860,000","-1,101,412,000","-1,103,439,000","-2,036,715,000","-1,069,460,000","-1,367,785,000","-1,012,368,000","-1,546,733,000","-999,451,000","-1,013,542,000","-798,050,000","-1,289,276,000","-948,224,000","-351,018,000","-1,122,062,000","-831,923,000","-1,462,168,000","-531,613,000","-1,295,188,000","-703,204,000","-1,179,020,000","-592,564,000","-1,123,576,000","-681,320,000","-1,162,775,000","-588,138,000","-971,391,000","-673,371,000","-1,164,033,000","-608,359,000","-1,002,658,000","-464,402,000","-1,126,877,000","-584,841,000","-865,980,000","-576,079,000","-1,138,516,000","-1,023,636,000","-998,907,000","-465,424,000","-577,662,000","-642,984,000","-949,972,000","-378,282,000","-587,617,000","-614,535,000","-756,470,000","-46,892,000","-703,607,000","-706,406,000","-548,031,000","-342,876,000","-831,713,000","-463,403,000","-159,031,000","-299,949,000","-927,920,000","-524,355,000","-333,643,000","-512,173,000","-791,346,000","-348,449,000","-686,004,000","-278,763,000","-814,490,000","-225,177,000","-191,836,000","-239,314,000","-1,278,140,000","-532,490,000","-720,369,000","-193,501,000","68,902,000","-1,279,503,000","728,751,000","-34,642,000","-102,291,000","-35,293,000","-176,432,000","-213,704,000","-66,200,000","-245,711,000","-243,812,000","-428,828,000","-496,404,000"
	CashFlowFromContinuingFinancingActivities,"-5,645,326,000","-1,480,301,000","-972,824,000","-1,515,341,000","-1,676,860,000","-1,101,412,000","-1,103,439,000","-2,036,715,000","-1,069,460,000","-1,367,785,000","-1,012,368,000","-1,546,733,000","-999,451,000","-1,013,542,000","-798,050,000","-1,289,276,000","-948,224,000","-351,018,000","-1,122,062,000","-831,923,000","-1,462,168,000","-531,613,000","-1,295,188,000","-703,204,000","-1,179,020,000","-592,564,000","-1,123,576,000","-681,320,000","-1,162,775,000","-588,138,000","-971,391,000","-673,371,000","-1,164,033,000","-608,359,000","-1,002,658,000","-464,402,000","-1,126,877,000","-584,841,000","-865,980,000","-576,079,000","-1,138,516,000","-1,023,636,000","-998,907,000","-465,424,000","-577,662,000","-642,984,000","-949,972,000","-378,282,000","-587,617,000","-614,535,000","-756,470,000","-46,892,000","-703,607,000","-706,406,000","-548,031,000","-342,876,000","-831,713,000","-463,403,000","-159,031,000","-299,949,000","-927,920,000","-524,355,000","-333,643,000","-512,173,000","-791,346,000","-348,449,000","-686,004,000","-278,763,000","-814,490,000","-225,177,000","-191,836,000","-239,314,000","-1,278,140,000","-532,490,000","-720,369,000","-193,501,000","68,902,000","-1,279,503,000","728,751,000","-34,642,000","-102,291,000","-35,293,000","-176,432,000","-213,704,000","-66,200,000","-245,711,000","-243,812,000","-428,828,000","-496,404,000"
		NetIssuancePaymentsOfDebt,,,"44,000","1,203,000","-1,611,000","-4,923,000","-2,653,000","-5,429,000","-3,448,000","-6,512,000","-562,000","-642,000","-82,000","-6,512,000","159,000","204,000","-570,000","-3,789,000","-111,000","-503,000","-369,000","-3,739,000","-720,000","129,000","135,000","-2,635,000","154,000","223,000","138,000","-1,645,000","208,000","159,000","219,000","217,000","216,000","212,000","56,000","-191,000","183,000","208,000","343,000","19,000","41,000","-3,000","-3,000","-5,266,000","-73,000","-891,000","-38,000","-213,000","-135,000","75,000","-1,335,000","844,000","392,000","-2,152,000","1,603,000","-704,000","-45,000",,,"1,916,000","-2,309,000","603,000","-18,195,000","-2,300,000","-1,565,000","-17,537,000","-4,467,000","-1,443,000","-19,717,000","22,161,000","-19,703,000","2,345,000","-21,494,000","1,442,000","5,092,000","-23,215,000","10,057,000","1,004,000","-9,745,000","-154,587,000","-4,125,000","-1,095,000","-10,180,000","-24,884,000","-75,573,000","-44,333,000","13,965,000"
			NetLongTermDebtIssuance,,,"44,000","1,203,000","-1,611,000","-4,923,000","-2,653,000","-5,429,000","-3,448,000","-6,512,000","-562,000","-642,000","-82,000","-6,512,000","159,000","204,000","-570,000","-3,789,000","-111,000","-503,000","-369,000","-3,739,000","-720,000","129,000","135,000","-2,635,000","154,000","223,000","138,000","-1,645,000","208,000","159,000","219,000","217,000","216,000","212,000","56,000","-191,000","183,000","208,000","343,000","0","-28,000","-3,000","-3,000","-53,000","-5,417,000","-891,000","-38,000","-144,000","-135,000","75,000","-1,335,000","1,232,000","-1,000","-2,152,000","1,603,000","-705,000",,,,,,,,,,,,,,,,,,,,,,,,,,,,,,,
				LongTermDebtIssuance,,,,,,,,,,,,,,,,,,,,,,,,,,,,,,,,,,,,,,,,,,,,,,,,,,,,,,,,,"1,603,000","92,000",,,,,,,,,,,,,,,,,,,,,,,,,,,,,,,
				LongTermDebtPayments,,,,,,,,,,,,,,,,,,,,,,,,,,,,,,,,,,,,,,,,,,"0","-28,000",,,,,,,,,,,,"-1,000",,,"-797,000",,,,,,,,,,,,,,,,,,,,,,,,,,,,,,,
			NetShortTermDebtIssuance,,,,,,,,,,,,,,,,,,,,,,,,,,,,,,,,,,,,,,"0",,,,"19,000",,,,"-5,213,000",,,,"-69,000",,,,"-388,000","393,000","0","0","1,000",,,,,,,,,,,,,,,,,,,,,,,,,,,,,,,
				ShortTermDebtIssuance,,,,,,,,,,,,,,,,,,,,,,,,,,,,,,,,,,,,,,,,,,,,,,,,,,,,,,,,,,"310,000",,,,,,,,,,,,,,,,,,,,,,,,,,,,,,,
				ShortTermDebtPayments,,,,,,,,,,,,,,,,,,,,,,,,,,,,,,,,,,,,,,,,,,,,,,,,,,,,,,,,"0","0","-309,000",,,,,,,,,,,,,,,,,,,,,,,,,,,,,,,
		NetCommonStockIssuance,"-2,829,334,000","-848,121,000","-251,921,000","-776,297,000","-952,995,000","-456,274,000","-474,197,000","-1,400,607,000","-436,236,000","-788,437,000","-442,517,000","-976,391,000","-430,004,000","-484,149,000","-277,523,000","-770,056,000","-428,811,000","-312,535,000","-180,277,000","-827,712,000","-522,145,000","-465,505,000","-436,580,000","-660,452,000","-323,408,000","-581,721,000","-338,603,000","-677,458,000","-375,224,000","-574,574,000","-255,464,000","-708,068,000","-475,526,000","-606,205,000","-331,024,000","-487,466,000","-474,145,000","-586,838,000","-246,167,000","-626,651,000","-541,281,000","-1,039,096,000","-436,500,000","-496,719,000","-56,225,000","-639,019,000","-484,235,000","-376,042,000","-145,158,000","-641,801,000","-457,533,000","-65,728,000","-449,449,000","-692,556,000","-298,139,000","-343,166,000","-299,989,000","-462,041,000","-154,149,000","-276,129,000","-558,355,000","-530,863,000","-323,155,000","-496,113,000","-470,136,000","-342,518,000","-688,270,000","-262,152,000","-526,757,000","-208,312,000","-169,979,000","-267,623,000","-1,004,195,000","-507,241,000","-694,274,000","-190,969,000","66,094,000","-1,238,876,000","731,888,000","-40,003,000","-171,469,000","5,877,000","-128,767,000","-221,677,000","26,760,000","-244,608,000","-63,001,000","-110,267,000","-20,978,000"
			CommonStockIssuance,"1,501,069,000","156,432,000","537,016,000","341,914,000","465,707,000","149,213,000","497,974,000","292,747,000","409,130,000","126,211,000","392,478,000","208,195,000","338,891,000","105,743,000","349,165,000","200,000,000","300,400,000","93,992,000","308,176,000","180,095,000","266,182,000","86,317,000","283,605,000","143,495,000","239,730,000","75,125,000","250,019,000","138,190,000","212,711,000","65,365,000","222,825,000","120,882,000","182,285,000","57,810,000","187,152,000","113,165,000","196,022,000","70,729,000","194,948,000","112,587,000","180,233,000","57,718,000","181,249,000","112,239,000","164,606,000","56,722,000","168,786,000","88,932,000","139,947,000","89,003,000","186,328,000","111,764,000","170,271,000","45,840,000","148,813,000","91,091,000","151,281,000","63,087,000","129,336,000","80,690,000","131,597,000","77,981,000","160,818,000","53,130,000","149,038,000","58,500,000","146,912,000","85,868,000","196,970,000","51,774,000","120,089,000","115,988,000","149,067,000","47,058,000","116,117,000","30,309,000","105,223,000","79,783,000","1,079,666,000","32,143,000","1,549,882,000","46,292,000","89,918,000","10,681,000","95,716,000","3,783,000",,,
			CommonStockPayments,"-4,330,403,000","-1,004,553,000","-788,937,000","-1,118,211,000","-1,418,702,000","-605,487,000","-972,171,000","-1,693,354,000","-845,366,000","-914,648,000","-834,995,000","-1,184,586,000","-768,895,000","-589,892,000","-626,688,000","-970,056,000","-729,211,000","-406,527,000","-488,453,000","-1,007,807,000","-788,327,000","-551,822,000","-720,185,000","-803,947,000","-563,138,000","-656,846,000","-588,622,000","-815,648,000","-587,935,000","-639,939,000","-478,289,000","-828,950,000","-657,811,000","-664,015,000","-518,176,000","-600,631,000","-670,167,000","-657,567,000","-441,115,000","-739,238,000","-721,514,000","-1,096,814,000","-617,749,000","-608,958,000","-220,831,000","-695,741,000","-653,021,000","-464,974,000","-285,105,000","-730,804,000","-643,861,000","-177,492,000","-619,720,000","-738,396,000","-446,952,000","-434,257,000","-451,270,000","-525,128,000","-283,485,000","-356,819,000","-689,952,000","-608,844,000","-483,973,000","-549,243,000","-619,174,000","-401,018,000","-835,182,000","-348,020,000","-723,727,000","-260,086,000","-290,068,000","-383,611,000","-1,153,262,000","-554,299,000","-810,391,000","-221,278,000","-39,129,000","-1,318,659,000","-347,778,000","-72,146,000","-1,721,351,000","-40,415,000","-218,685,000","-232,358,000","-68,956,000","-248,391,000","-181,082,000","-110,267,000","-20,978,000"
		CashDividendsPaid,"-2,827,394,000","-706,063,000","-707,742,000","-708,022,000","-705,567,000","-613,730,000","-613,785,000","-616,583,000","-613,208,000","-557,930,000","-559,070,000","-561,042,000","-558,052,000","-509,201,000","-508,913,000","-511,238,000","-508,381,000","0","-931,515,000","0","-932,838,000","0","-855,110,000","0","-853,614,000","0","-782,451,000","0","-785,127,000","0","-717,462,000","0","-720,676,000","0","-674,735,000","0","-678,736,000","0","-624,682,000","0","-630,234,000","0","-561,603,000","0","-560,135,000","0","-475,961,000","0","-474,896,000","0","-322,992,000","0","-320,650,000","0","-272,706,000","0","-551,442,000","0","0","0","-378,446,000","0","0","0","-333,685,000","0","0","0","-293,059,000","0","0","0","-267,973,000",,,,,,,,,,,,,,,,
			CommonStockDividendPaid,"-2,827,394,000","-706,063,000","-707,742,000","-708,022,000","-705,567,000","-613,730,000","-613,785,000","-616,583,000","-613,208,000","-557,930,000","-559,070,000","-561,042,000","-558,052,000","-509,201,000","-508,913,000","-511,238,000","-508,381,000","0","-931,515,000","0","-932,838,000","0","-855,110,000","0","-853,614,000","0","-782,451,000","0","-785,127,000","0","-717,462,000","0","-720,676,000","0","-674,735,000","0","-678,736,000","0","-624,682,000","0","-630,234,000","0","-561,603,000",,,,,,,,,,,,,,,,,,,,,,,,,,,,,,,,,,,,,,,,,,,,,,
		NetOtherFinancingCharges,"11,402,000","73,883,000","-13,205,000","-31,022,000","-18,298,000","-31,408,000","-12,804,000","-14,096,000","-20,016,000","-21,418,000","-10,219,000","-8,658,000","-11,313,000","-20,192,000","-11,773,000","-8,186,000","-10,462,000","-38,483,000","-10,159,000","-4,211,000","-6,816,000","-66,108,000","-2,778,000","-42,752,000","-2,133,000","-10,843,000","-2,676,000","-3,862,000","-2,562,000","-13,564,000","1,327,000","34,538,000","31,950,000","-2,154,000","2,885,000","23,064,000","26,004,000","1,997,000","4,686,000","50,364,000","32,999,000","15,460,000","-804,000","31,298,000","38,698,000","-3,965,000","10,224,000","-2,240,000","32,437,000","27,479,000","24,055,000","18,761,000","66,492,000","-14,694,000","22,814,000","290,000","19,718,000","-658,000","-4,837,000","-17,600,000","8,881,000","4,592,000","-8,179,000","-16,663,000","30,670,000","-3,631,000","3,831,000","926,000","9,793,000","-15,422,000","-2,140,000","6,148,000","13,731,000","-27,594,000","-4,601,000","-3,974,000","-2,284,000","-17,412,000","-13,194,000","4,357,000","78,923,000","113,417,000","-43,540,000","9,068,000","-82,780,000","23,781,000","-105,238,000","-274,228,000","-489,391,000"
EndCashPosition,"9,045,032,000","9,045,032,000","8,535,446,000","6,238,787,000","5,899,703,000","7,889,833,000","6,703,568,000","5,466,116,000","5,637,117,000","8,168,174,000","10,009,380,000","9,166,578,000","8,594,003,000","8,415,330,000","6,442,261,000","5,436,456,000","5,810,537,000","6,126,853,000","4,769,158,000","4,464,889,000","4,363,790,000","5,061,360,000","3,928,845,000","3,595,079,000","3,681,711,000","4,126,860,000","3,382,208,000","3,238,862,000","4,077,058,000","4,905,609,000","3,497,878,000","3,034,659,000","3,073,193,000","4,360,766,000","4,026,189,000","4,061,400,000","4,472,347,000","4,921,305,000","4,048,859,000","3,680,274,000","4,527,198,000","5,631,885,000","5,938,085,000","5,636,086,000","5,678,892,000","6,640,526,000","5,628,659,000","5,568,746,000","5,091,906,000","5,701,078,000","5,256,684,000","4,677,544,000","4,160,452,000","4,838,292,000","4,312,111,000","4,114,751,000","4,000,063,000","4,541,662,000","4,002,459,000","2,978,000,000","2,782,961,000","3,602,760,000","3,326,423,000","2,584,139,000","2,472,373,000","3,314,396,000","3,093,634,000","2,959,939,000","2,437,530,000","3,066,988,000","2,793,716,000","2,034,034,000","1,685,997,000","2,483,990,000","2,773,031,000","3,060,203,000","2,273,522,000","2,552,958,000","3,514,647,000","2,853,615,000","2,329,651,000","2,332,161,000","1,962,194,000","1,684,576,000","1,473,643,000","1,316,976,000","1,113,496,000","1,131,431,000","1,129,517,000"
	ChangesInCash,"1,256,472,000","561,997,000","2,321,538,000","336,473,000","-1,963,536,000","1,280,106,000","1,294,262,000","-153,724,000","-2,451,170,000","-1,782,669,000","816,094,000","548,633,000","156,987,000","1,896,250,000","1,058,421,000","-355,924,000","-327,206,000","1,389,367,000","346,315,000","76,052,000","-707,528,000","1,202,674,000","422,349,000","-124,823,000","-432,141,000","696,924,000","121,299,000","-870,783,000","-768,515,000","1,404,829,000","442,389,000","-20,166,000","-1,259,220,000","401,738,000","-14,242,000","-324,849,000","-343,190,000","899,498,000","348,953,000","-831,358,000","-1,152,835,000","-280,712,000","352,073,000","-7,863,000","-982,214,000","952,592,000","170,050,000","392,240,000","-352,270,000","445,611,000","484,658,000","418,627,000","-732,048,000","435,279,000","326,261,000","269,251,000","-641,962,000","487,829,000","819,000,000","277,457,000","-519,561,000","380,481,000","725,058,000","72,418,000","-860,220,000","194,113,000","109,983,000","518,700,000","-670,385,000","262,858,000","636,809,000","334,174,000","-752,819,000","-269,482,000","-197,547,000","785,844,000","-383,948,000","-984,887,000","708,188,000","469,843,000","-21,497,000","312,247,000","288,910,000","154,446,000","157,036,000","156,223,000","-25,334,000","27,700,000","-757,994,000"
	EffectOfExchangeRateChanges,"-101,273,000","-52,411,000","-24,879,000","2,611,000","-26,594,000","-93,841,000","-56,810,000","-17,277,000","-79,887,000","-58,537,000","26,708,000","23,942,000","21,686,000","76,819,000","-52,616,000","-18,157,000","10,890,000","-31,672,000","-42,046,000","25,047,000","9,958,000","-70,159,000","-88,583,000","38,191,000","-13,008,000","47,728,000","22,047,000","32,587,000","-60,036,000","2,902,000","20,830,000","-18,368,000","-28,353,000","-67,161,000","-20,969,000","-86,098,000","-105,768,000","-27,052,000","19,632,000","-15,566,000","48,148,000","-25,488,000","-50,074,000","-34,943,000","20,580,000","59,275,000","-110,137,000","84,600,000","-256,902,000","-1,217,000","94,482,000","98,465,000","54,208,000","90,902,000","-128,901,000","-154,563,000","100,363,000","51,374,000","205,459,000","-82,418,000","-300,238,000","-104,144,000","17,226,000","39,348,000","18,197,000","26,649,000","23,712,000","3,709,000","40,927,000","10,414,000","122,873,000","13,863,000","-45,174,000","-19,559,000","-89,625,000","837,000","104,512,000","23,198,000","-47,156,000","54,121,000","18,987,000","57,720,000","-11,292,000","56,487,000","-369,000","47,257,000","7,399,000","-25,786,000","7,428,000"
	BeginningCashPosition,"7,889,833,000","8,535,446,000","6,238,787,000","5,899,703,000","7,889,833,000","6,703,568,000","5,466,116,000","5,637,117,000","8,168,174,000","10,009,380,000","9,166,578,000","8,594,003,000","8,415,330,000","6,442,261,000","5,436,456,000","5,810,537,000","6,126,853,000","4,769,158,000","4,464,889,000","4,363,790,000","5,061,360,000","3,928,845,000","3,595,079,000","3,681,711,000","4,126,860,000","3,382,208,000","3,238,862,000","4,077,058,000","4,905,609,000","3,497,878,000","3,034,659,000","3,073,193,000","4,360,766,000","4,026,189,000","4,061,400,000","4,472,347,000","4,921,305,000","4,048,859,000","3,680,274,000","4,527,198,000","5,631,885,000","5,938,085,000","5,636,086,000","5,678,892,000","6,640,526,000","5,628,659,000","5,568,746,000","5,091,906,000","5,701,078,000","5,256,684,000","4,677,544,000","4,160,452,000","4,838,292,000","4,312,111,000","4,114,751,000","4,000,063,000","4,541,662,000","4,002,459,000","2,978,000,000","2,782,961,000","3,602,760,000","3,326,423,000","2,584,139,000","2,472,373,000","3,314,396,000","3,093,634,000","2,959,939,000","2,437,530,000","3,066,988,000","2,793,716,000","2,034,034,000","1,685,997,000","2,483,990,000","2,773,031,000","3,060,203,000","2,273,522,000","2,552,958,000","3,514,647,000","2,853,615,000","2,329,651,000","2,332,161,000","1,962,194,000","1,684,576,000","1,473,643,000","1,316,976,000","1,113,496,000","1,131,431,000","1,129,517,000","1,880,083,000"
IncomeTaxPaidSupplementalData,,,"455,822,000","754,989,000","563,526,000","514,291,000","390,218,000","487,252,000","387,161,000","476,057,000","344,477,000","401,591,000","344,628,000","366,182,000","197,600,000","503,461,000","292,787,000","534,756,000","407,138,000","348,213,000","297,166,000","239,603,000","467,254,000","355,672,000","310,715,000",,,,,,,,,,,,,,,,,,,,,,,,,,,,,,,,,,,,,,,,,,,,,,,,,,,,,,,,,,,,,,,,
CapitalExpenditure,"-528,172,000","-180,294,000","-141,500,000","-107,548,000","-98,830,000","-177,051,000","-194,616,000","-164,660,000","-181,671,000","-236,295,000","-158,212,000","-92,510,000","-93,115,000","-188,718,000","-149,981,000","-165,370,000","-95,063,000","-241,260,000","-140,261,000","-139,797,000","-77,691,000","-179,383,000","-173,556,000","-132,896,000","-133,352,000","-191,146,000","-135,811,000","-104,409,000","-84,553,000","-160,066,000","-93,655,000","-148,068,000","-94,777,000","-148,037,000","-113,554,000","-81,568,000","-51,858,000","-101,457,000","-85,287,000","-76,167,000","-58,959,000","-102,229,000","-90,576,000","-90,241,000","-86,547,000","-115,258,000","-90,462,000","-85,379,000","-80,875,000","-136,975,000","-112,681,000","-78,575,000","-75,483,000","-101,602,000","-57,750,000","-44,046,000","-34,817,000","-75,321,000","-43,645,000","-52,613,000","-71,876,000","-86,734,000","-66,316,000","-78,538,000","-88,780,000","-139,320,000","-82,007,000","-75,900,000","-67,144,000","-97,008,000","-59,333,000","-71,877,000","-77,956,000","-131,259,000","-70,300,000","-61,316,000","-54,897,000","-102,095,000","-78,651,000","-54,502,000","-46,738,000","-77,804,000","-54,794,000","-60,063,000","-18,904,000","-107,428,000","-64,588,000","-48,758,000","-42,057,000"
IssuanceOfCapitalStock,"1,501,069,000","156,432,000","537,016,000","341,914,000","465,707,000","149,213,000","497,974,000","292,747,000","409,130,000","126,211,000","392,478,000","208,195,000","338,891,000","105,743,000","349,165,000","200,000,000","300,400,000","93,992,000","308,176,000","180,095,000","266,182,000","86,317,000","283,605,000","143,495,000","239,730,000","75,125,000","250,019,000","138,190,000","212,711,000","65,365,000","222,825,000","120,882,000","182,285,000","57,810,000","187,152,000","113,165,000","196,022,000","70,729,000","194,948,000","112,587,000","180,233,000","57,718,000","181,249,000","112,239,000","164,606,000","56,722,000","168,786,000","88,932,000","139,947,000","89,003,000","186,328,000","111,764,000","170,271,000","45,840,000","148,813,000","91,091,000","151,281,000","63,087,000","129,336,000","80,690,000","131,597,000","77,981,000","160,818,000","53,130,000","149,038,000","58,500,000","146,912,000","85,868,000","196,970,000","51,774,000","120,089,000","115,988,000","149,067,000","47,058,000","116,117,000","30,309,000","105,223,000","79,783,000","1,079,666,000","32,143,000","1,549,882,000","46,292,000","89,918,000","10,681,000","95,716,000","3,783,000",,,
IssuanceOfDebt,,,,,,,,,,,,,,,,,,,,,,,,,,,,,,,,,,,,,,,,,,,,,,,,,,,,,,,,,"1,603,000","402,000",,,,,,,,,,,,,,,,,,,,,,,,,,,,,,,
RepaymentOfDebt,,,,,,,,,,,,,,,,,,,,,,,,,,,,,,,,,,,,,,,,,,"0","-28,000",,,,,,,,,,,,"-1,000","-549,000","0","-1,106,000",,,,,,,,,,,,,,,,,,,,,,,,,,,,,,,
RepurchaseOfCapitalStock,"-4,330,403,000","-1,004,553,000","-788,937,000","-1,118,211,000","-1,418,702,000","-605,487,000","-972,171,000","-1,693,354,000","-845,366,000","-914,648,000","-834,995,000","-1,184,586,000","-768,895,000","-589,892,000","-626,688,000","-970,056,000","-729,211,000","-406,527,000","-488,453,000","-1,007,807,000","-788,327,000","-551,822,000","-720,185,000","-803,947,000","-563,138,000","-656,846,000","-588,622,000","-815,648,000","-587,935,000","-639,939,000","-478,289,000","-828,950,000","-657,811,000","-664,015,000","-518,176,000","-600,631,000","-670,167,000","-657,567,000","-441,115,000","-739,238,000","-721,514,000","-1,096,814,000","-617,749,000","-608,958,000","-220,831,000","-695,741,000","-653,021,000","-464,974,000","-285,105,000","-730,804,000","-643,861,000","-177,492,000","-619,720,000","-738,396,000","-446,952,000","-434,257,000","-451,270,000","-525,128,000","-283,485,000","-356,819,000","-689,952,000","-608,844,000","-483,973,000","-549,243,000","-619,174,000","-401,018,000","-835,182,000","-348,020,000","-723,727,000","-260,086,000","-290,068,000","-383,611,000","-1,153,262,000","-554,299,000","-810,391,000","-221,278,000","-39,129,000","-1,318,659,000","-347,778,000","-72,146,000","-1,721,351,000","-40,415,000","-218,685,000","-232,358,000","-68,956,000","-248,391,000","-181,082,000","-110,267,000","-20,978,000"
FreeCashFlow,"8,996,096,000","3,229,094,000","3,147,871,000","2,222,563,000","396,568,000","3,613,059,000","2,870,039,000","1,990,833,000","349,200,000","2,200,137,000","2,242,938,000","2,442,211,000","1,509,730,000","2,967,416,000","2,591,485,000","1,365,271,000","691,848,000","1,874,993,000","1,983,281,000","1,219,853,000","949,817,000","1,929,872,000","1,813,982,000","791,161,000","872,486,000","1,750,736,000","1,656,761,000","50,294,000","999,329,000","1,895,373,000","1,497,370,000","169,278,000","516,528,000","1,356,549,000","1,299,810,000","219,719,000","821,042,000","1,547,755,000","1,277,973,000","216,213,000","122,274,000","1,173,281,000","1,411,633,000","543,983,000","-195,362,000","1,592,933,000","1,125,128,000","772,434,000","394,383,000","1,244,301,000","1,240,279,000","522,529,000","30,916,000","1,150,003,000","903,173,000","615,935,000","184,294,000","971,493,000","970,974,000","578,024,000","396,256,000","943,946,000","1,013,729,000","645,456,000","-120,251,000","637,721,000","895,511,000","634,278,000","98,684,000","713,356,000","746,237,000","611,797,000","290,425,000","435,899,000","523,616,000","725,574,000","-115,780,000","291,220,000","297,499,000","806,095,000","79,149,000","356,425,000","412,213,000","353,502,000","179,403,000","409,406,000","226,084,000","404,508,000","-239,447,000"