name,06/30/2023,03/31/2023,12/31/2022,09/30/2022,06/30/2022,03/31/2022,12/31/2021,09/30/2021,06/30/2021,03/31/2021,12/31/2020,09/30/2020,06/30/2020,03/31/2020,12/31/2019,09/30/2019,06/30/2019,03/31/2019,12/31/2018,09/30/2018,06/30/2018,03/31/2018,12/31/2017,09/30/2017,06/30/2017,03/31/2017,12/31/2016,09/30/2016,06/30/2016,03/31/2016,12/31/2015,09/30/2015,06/30/2015,03/31/2015,12/31/2014,09/30/2014,06/30/2014,03/31/2014,12/31/2013,09/30/2013,06/30/2013,03/31/2013,12/31/2012,09/30/2012,06/30/2012,03/31/2012,12/31/2011,09/30/2011,06/30/2011,03/31/2011,12/31/2010,09/30/2010,06/30/2010,03/31/2010,12/31/2009,09/30/2009,06/30/2009,03/31/2009,12/31/2008,09/30/2008,06/30/2008,03/31/2008,12/31/2007,09/30/2007,06/30/2007,03/31/2007,12/31/2006,09/30/2006,06/30/2006,03/31/2006,12/31/2005,09/30/2005,06/30/2005,03/31/2005,12/31/2004,09/30/2004,06/30/2004,03/31/2004,12/31/2003
TotalAssets,"33,104,700,000","32,915,200,000","33,123,800,000","33,245,700,000","31,728,700,000","33,022,600,000","33,911,500,000","33,624,800,000","45,994,800,000","44,410,600,000","44,649,900,000","43,582,600,000","44,233,200,000","43,423,300,000","44,291,200,000","43,751,500,000","43,139,500,000","42,237,000,000","41,089,300,000","43,443,100,000","42,361,300,000","32,427,900,000","31,843,000,000","32,405,200,000","30,058,900,000","29,567,700,000","29,709,128,000","30,283,836,000","29,804,213,000","30,287,195,000","30,075,948,000","30,586,091,000","30,842,082,000","30,800,356,000","31,562,466,000","30,673,129,000","30,617,173,000","29,668,385,000","29,714,689,000","29,348,585,000","28,728,795,000","29,481,540,000","28,946,607,000","28,169,623,000","27,243,589,000","27,254,868,000","27,115,445,000","26,774,000,000","26,779,755,000","26,697,375,000","26,397,018,000","26,845,334,000","26,115,330,000","26,238,814,000","25,841,796,000","25,665,578,000","24,822,474,000","23,820,644,000","24,514,586,000","25,354,315,000","26,212,032,000","26,446,415,000","26,750,316,000","26,568,380,000","25,772,955,000","25,461,049,000","25,165,148,000","25,023,450,000","24,532,416,000","24,680,684,000","25,365,453,000","25,412,444,000","24,456,763,000","24,321,974,000","24,503,896,000","23,638,294,000","23,349,181,000","23,704,277,000","23,728,319,000"
	TotalInvestments,"9,390,300,000","9,346,400,000","9,061,200,000","8,945,900,000","8,790,000,000","9,470,000,000","10,712,400,000","11,224,500,000","10,640,000,000","9,521,300,000","17,908,000,000","17,408,900,000","18,454,500,000","17,561,900,000","18,454,500,000","18,378,300,000","18,006,800,000","17,315,600,000","16,343,300,000","16,404,300,000","15,948,100,000","14,346,900,000","13,296,800,000","11,676,600,000","12,488,400,000","12,328,100,000","12,511,047,000","13,149,713,000","13,194,171,000","13,485,925,000","14,315,897,000","15,043,538,000","15,002,943,000","15,237,693,000","15,450,108,000","16,020,080,000","16,060,689,000","15,723,679,000","15,961,199,000","16,160,659,000","15,918,564,000","16,487,393,000","15,885,722,000","15,836,935,000","15,262,751,000","15,198,607,000","14,026,165,000","14,995,816,000","14,728,754,000","14,852,332,000","13,505,478,000","15,068,433,000","14,692,469,000","14,541,129,000","13,157,832,000","14,373,844,000","13,448,159,000","11,878,046,000","12,066,792,000","13,662,396,000","13,527,337,000","12,600,762,000","12,664,027,000","12,383,275,000","11,673,609,000","11,905,875,000","10,232,535,000","11,583,673,000","10,437,359,000","10,471,552,000","10,693,155,000","11,922,477,000","11,976,934,000","10,755,971,000","11,123,740,000","10,925,805,000","10,508,033,000","10,864,776,000","9,529,341,000"
		EquityInvestments,"259,600,000","280,500,000","281,300,000","302,600,000","311,000,000","371,700,000","445,700,000","422,300,000","305,400,000","293,200,000","404,100,000","384,400,000","376,300,000","349,300,000","388,500,000","406,900,000","392,200,000","388,400,000","378,800,000","385,400,000","385,800,000","358,500,000","368,000,000","403,300,000","413,900,000","415,900,000","421,361,000","450,617,000","434,506,000","403,702,000","500,057,000","522,903,000","523,786,000","530,509,000","499,407,000","521,707,000","490,756,000","462,658,000","458,358,000","464,636,000","455,779,000","475,765,000","475,806,000","12,484,446,000","11,614,366,000","11,708,877,000","11,554,975,000","11,382,000,000","11,119,094,000","11,242,444,000","11,079,506,000",,"11,127,335,000","11,003,931,000","10,479,759,000","10,467,473,000","9,854,127,000","8,990,974,000","9,066,139,000","9,551,427,000","10,407,290,000","10,421,002,000","10,762,416,000","10,598,311,000","9,994,835,000","10,129,634,000","9,859,688,000","9,992,703,000","9,597,046,000","9,593,565,000","9,654,879,000","9,784,410,000","9,996,420,000","9,712,908,000","9,704,889,000","9,594,015,000","9,128,497,000","9,415,470,000","9,185,278,000"
		NetLoan,"302,700,000","305,500,000","295,600,000","304,400,000","293,500,000","280,700,000","256,500,000","227,300,000","177,900,000","147,900,000","754,300,000","771,100,000","790,100,000","795,100,000","815,000,000","804,600,000","783,100,000","758,100,000","759,600,000","757,900,000","720,100,000","682,200,000","670,200,000","685,000,000","661,700,000","641,200,000","662,566,000","635,180,000","660,534,000","913,320,000","1,195,114,000","1,277,972,000","1,312,486,000","1,302,014,000","1,320,888,000","1,302,403,000","1,297,986,000","1,307,637,000","1,338,710,000","1,320,053,000","1,318,120,000","1,342,942,000","1,364,620,000","1,356,297,000","1,356,058,000","1,367,543,000","1,363,879,000","1,362,134,000","1,368,889,000","1,383,343,000","1,377,106,000",,"1,432,395,000","1,462,151,000","1,484,434,000","1,505,509,000","56,548,000","1,553,213,000","1,564,790,000","1,559,561,000","1,542,358,000","1,527,455,000","1,490,733,000","1,465,489,000","1,414,829,000","1,345,471,000","58,733,000","1,319,815,000","59,149,000","60,044,000","61,043,000","1,201,519,000","1,169,068,000","64,182,000","1,118,758,000","1,105,939,000","1,064,760,000","1,044,337,000","68,185,000"
			LoansReceivable,,,,,,,,,,,,,,,,,,,"-400,000",,,,"-1,000,000",,,,"-2,304,000","-2,520,000","-2,582,000","-2,582,000","-2,582,000","-3,399,000","-3,399,000","-3,399,000","-3,399,000","-4,482,000","-4,482,000","-4,482,000","-4,482,000","-6,997,000","-6,997,000","-6,997,000","-6,997,000",,,,,,,,,,,,,,,,,,,,,,,,,,,,,,,,,,,,
			MortgageAndConsumerloans,"302,700,000","305,500,000","295,600,000","304,400,000","293,500,000","280,700,000","256,500,000","227,300,000","177,900,000","147,900,000","754,300,000","771,100,000","790,100,000","795,100,000","815,000,000","804,600,000","783,100,000","758,100,000","759,600,000","757,900,000","720,100,000","682,200,000","670,200,000","648,100,000","624,000,000","603,300,000","624,033,000","595,067,000","620,185,000","872,196,000","1,151,256,000","1,233,230,000","1,267,033,000","1,255,459,000","1,272,616,000","1,253,424,000","1,248,101,000","1,257,162,000","1,287,032,000","1,268,056,000","1,266,168,000","1,290,003,000","1,311,682,000","1,302,373,000","1,302,609,000","1,313,232,000","1,309,687,000","1,307,569,000","1,313,326,000","1,327,438,000","1,320,964,000",,"1,376,226,000","1,405,876,000","1,428,027,000","1,449,108,000",,"1,495,420,000","1,506,694,000","1,502,086,000","1,486,138,000",,,,,,,,,,,,,,,,,,
			PolicyLoans,,,,,,,,,,,,,,,,,,,,,,,,"36,900,000","37,700,000","37,900,000","38,533,000","40,113,000","40,349,000","41,124,000","43,858,000","44,742,000","45,453,000","46,555,000","48,272,000","48,979,000","49,885,000","50,475,000","51,678,000","51,997,000","51,952,000","52,939,000","52,938,000","53,924,000","53,449,000","54,311,000","54,192,000","54,565,000","55,563,000","55,905,000","56,142,000",,"56,169,000","56,275,000","56,407,000","56,401,000","56,548,000","57,793,000","58,096,000","57,475,000","56,220,000",,,,,,,,,,,,,,,,,,
		LongTermEquityInvestment,,,,,,,,,,,"0","0","1,670,800,000","1,937,300,000","2,020,100,000","2,077,000,000","2,086,700,000","2,057,700,000","1,685,400,000","1,599,500,000","1,305,200,000","1,042,000,000","746,500,000",,,,,,,,,,,,,,,,,,,,,,,,,,,,,,,,,,,,,,,,,,,,,,,,,,,,,,,,
			InvestmentsInOtherVenturesUnderEquityMethod,,,,,,,,,,,"0","0","1,670,800,000","1,937,300,000","2,020,100,000","2,077,000,000","2,086,700,000","2,057,700,000","1,685,400,000","1,599,500,000","1,305,200,000","1,042,000,000","746,500,000",,,,,,,,,,,,,,,,,,,,,,,,,,,,,,,,,,,,,,,,,,,,,,,,,,,,,,,,
		OtherShortTermInvestments,"6,897,500,000","6,716,900,000","6,439,200,000","6,404,700,000","6,488,300,000","7,032,300,000","7,463,100,000","7,867,800,000","6,721,600,000","6,721,200,000","13,782,200,000","13,344,500,000","12,847,400,000","11,892,400,000","12,724,900,000","12,687,000,000","12,586,300,000","12,178,500,000","11,630,300,000","11,721,400,000","11,641,100,000","9,365,200,000","9,946,700,000","9,999,000,000","9,778,300,000","9,720,500,000","9,799,885,000","10,316,189,000","10,242,480,000","9,489,438,000","10,724,278,000","11,061,894,000","11,188,550,000","11,634,836,000","11,608,420,000","12,089,304,000","12,173,082,000","12,162,178,000","11,762,333,000","12,420,262,000","12,194,955,000","12,383,582,000","12,472,563,000","251,495,000","504,924,000","383,716,000","441,383,000","508,375,000","447,013,000","435,612,000","358,702,000",,"416,815,000","436,398,000","453,469,000","445,684,000","521,651,000","664,272,000","703,402,000","620,434,000","472,215,000","652,305,000","410,878,000","319,475,000","263,945,000","430,770,000","314,114,000","271,155,000","781,164,000","817,943,000","977,233,000","936,548,000","811,446,000","978,881,000","300,093,000","225,851,000","314,776,000","404,969,000","275,878,000"
			ShortTermInvestmentsAvailableForSale,"6,897,500,000","6,716,900,000","6,439,200,000","6,404,700,000","6,488,300,000","7,032,300,000","7,463,100,000","7,867,800,000","6,721,600,000","6,721,200,000","13,782,200,000","13,344,500,000","12,847,400,000","11,892,400,000","12,724,900,000","12,687,000,000","12,586,300,000","12,178,500,000","11,630,300,000","11,721,400,000","11,641,100,000","9,365,200,000","9,946,700,000","9,999,000,000","9,778,300,000","9,720,500,000","9,799,885,000","10,316,189,000","10,242,480,000","9,489,438,000","10,724,278,000","11,061,894,000","11,188,550,000","11,634,836,000","11,608,420,000","12,089,304,000","12,173,082,000","12,162,178,000","11,762,333,000","12,420,262,000","12,194,955,000","12,383,582,000","12,472,563,000",,,,,,,,,,,,,,,,,,,,,,,,,,,,,,,,,,,,
		OtherInvestedAssets,"9,390,300,000","9,346,400,000","9,061,200,000","8,945,900,000","8,790,000,000","9,470,000,000","10,712,400,000","11,224,500,000","10,640,000,000","9,521,300,000","17,908,000,000","17,408,900,000","16,783,700,000","15,624,600,000","16,434,400,000","16,301,300,000","15,920,100,000","15,257,900,000","14,657,900,000","14,804,800,000","14,642,900,000","13,304,900,000","12,550,300,000","589,300,000","12,488,400,000","12,328,100,000","12,511,047,000","13,149,713,000","13,194,171,000","13,485,925,000","14,315,897,000","15,043,538,000","15,002,943,000","15,237,693,000","15,450,108,000","16,020,080,000","16,060,689,000","15,723,679,000","15,961,199,000","16,160,659,000","15,918,564,000","16,487,393,000","15,885,722,000","15,836,935,000","15,262,751,000","15,198,607,000","665,928,000","14,995,816,000","14,728,754,000","14,852,332,000","690,164,000","15,068,433,000","14,692,469,000","14,541,129,000","740,170,000","14,373,844,000","13,448,159,000","669,587,000","732,461,000","13,662,396,000","1,105,474,000",,,,,,,,,,,,,,,,,,
	CashAndCashEquivalents,"1,401,700,000","1,525,600,000","1,536,700,000","1,429,800,000","1,182,000,000","1,250,900,000","2,040,800,000","2,027,900,000","2,746,000,000","1,651,300,000","2,228,600,000","2,203,000,000","2,137,500,000","1,999,900,000","1,867,100,000","1,749,300,000","1,490,400,000","1,274,200,000","1,254,000,000","1,306,600,000","1,253,700,000","2,342,000,000","996,800,000","992,800,000","848,200,000","874,500,000","1,031,971,000","1,116,623,000","1,232,674,000","2,060,815,000","1,288,305,000","1,543,936,000","1,297,436,000","1,065,165,000","1,318,656,000","1,411,266,000","1,398,870,000","1,105,912,000","1,717,184,000","1,286,697,000","1,270,395,000","1,604,625,000","909,404,000","1,072,506,000","1,106,992,000","1,064,815,000","1,166,713,000","1,059,523,000","1,135,099,000","940,434,000","1,150,516,000",,"1,003,723,000","932,541,000","1,318,552,000","1,235,851,000","809,182,000","664,339,000","1,040,684,000","1,053,679,000","956,603,000","1,020,594,000","804,964,000","815,147,000","1,010,071,000","759,835,000","987,672,000","647,137,000","663,501,000","650,705,000","855,569,000","641,268,000","500,770,000","475,034,000","807,082,000","692,373,000","608,870,000","573,861,000","958,197,000"
	ReinsuranceRecoverable,,,,,,,,,,,,,,,,,,,,,,,,,,,,,,,,,,,,,,,,,,,,"5,490,610,000","5,428,106,000","5,429,517,000","5,411,064,000","5,295,502,000","5,151,407,000","5,049,186,000","4,997,316,000","4,931,151,000","4,661,346,000","4,594,661,000","4,212,863,000","4,083,681,000","4,073,703,000","4,076,574,000","4,010,170,000","4,015,817,000","3,916,486,000",,,,,,,,,,,,,,,,,,
	Receivables,"6,636,600,000","6,655,100,000","7,005,900,000","7,561,800,000","6,094,800,000","6,068,300,000","6,178,900,000","7,135,400,000","6,708,800,000","6,528,100,000","9,839,900,000","9,796,200,000","9,581,900,000","9,539,500,000","9,593,400,000","9,510,600,000","9,162,600,000","9,061,600,000","9,166,000,000","11,256,800,000","10,978,300,000","9,278,400,000","9,790,200,000","11,982,100,000","8,953,200,000","8,868,800,000","9,083,207,000","9,059,947,000","8,727,343,000","8,689,823,000","7,470,403,000","7,279,955,000","7,376,942,000","7,205,284,000","7,254,585,000","6,149,708,000","6,002,268,000","5,824,365,000","5,752,134,000","5,684,585,000","5,682,447,000","5,866,488,000","6,141,737,000","809,804,000","695,809,000","672,200,000","649,122,000","644,968,000","612,522,000","576,088,000","542,927,000",,"523,657,000","513,820,000","507,933,000","515,631,000","582,189,000","439,534,000","557,337,000","538,437,000","586,715,000","621,150,000","606,391,000","584,688,000","560,544,000","500,120,000","4,526,983,000","536,339,000","536,871,000","514,146,000","458,657,000","481,744,000","427,993,000","459,981,000","435,457,000","4,745,602,000","4,764,866,000","4,825,185,000","4,952,018,000"
		AccountsReceivable,"6,636,600,000","6,655,100,000","7,005,900,000","7,561,800,000","6,094,800,000","6,068,300,000","6,178,900,000","7,135,400,000","6,708,800,000","6,528,100,000","9,839,900,000","9,796,200,000","9,581,900,000","9,539,500,000","9,593,400,000","9,510,600,000","9,162,600,000","9,061,600,000","9,166,000,000","11,256,800,000","10,978,300,000","9,278,400,000","9,790,200,000","11,864,700,000","8,953,200,000","8,868,800,000","9,083,207,000","9,059,947,000","8,727,343,000","8,689,823,000","7,470,403,000","7,279,955,000","7,376,942,000","7,205,284,000","7,254,585,000","6,149,708,000","6,002,268,000","5,824,365,000","5,752,134,000","5,684,585,000","5,682,447,000","5,866,488,000","6,141,737,000","760,676,000","685,820,000","672,200,000","649,122,000","614,277,000","612,522,000","576,088,000","542,927,000",,"523,657,000","513,820,000","507,933,000","515,631,000","582,189,000","439,534,000","513,181,000","514,551,000","528,351,000","621,150,000","580,379,000","584,688,000","560,544,000","500,120,000","612,011,000","534,387,000","536,871,000","514,146,000","458,657,000","481,744,000","427,993,000","459,981,000","435,457,000","4,745,602,000","4,764,866,000","4,825,185,000","4,952,018,000"
		TaxesReceivable,,,,,,,,,,,,,,,,,,"10,700,000","36,300,000","42,700,000","54,300,000","34,600,000","126,300,000","117,400,000","37,500,000","10,200,000","20,462,000",,"0","0","24,176,000","29,335,000","0","0","15,132,000",,"48,220,000",,"0","0","0","9,167,000","32,740,000","49,128,000","9,989,000",,,"30,691,000",,,,,,,"0","0","0","0","44,156,000","23,886,000","58,364,000",,,,,,,,,,,,,,,,,,
		OtherReceivables,,,"110,700,000",,,,"73,900,000",,,,"85,200,000",,,,"75,200,000",,,,"80,600,000",,,,"121,800,000",,,,"145,542,000",,,,"196,277,000",,,,"201,758,000",,,,"175,357,000",,,,"143,250,000",,,,,,,,,,,,,,,,,,,,"26,012,000",,,,"3,914,972,000","1,952,000",,,,,,,,,,,
		ReceivablesAdjustmentsAllowances,,,"-9,200,000",,,,"-9,400,000",,,,"-13,800,000",,,,"-15,300,000",,,,"-16,100,000",,,,"-12,500,000",,,,"-29,560,000",,,,"-27,696,000",,,,"-31,568,000",,,,"-36,646,000",,,,"-31,371,000",,,,,,,,,,,,,,,,,,,,,,,,,,,,,,,,,,,,
	AccruedInvestmentIncome,"90,700,000","94,300,000","85,100,000","85,100,000","94,000,000","89,200,000","62,100,000","63,600,000","62,400,000","73,300,000","129,700,000","133,000,000","143,000,000","146,700,000","131,100,000","127,200,000","126,900,000","130,800,000","125,500,000","133,700,000","136,100,000","108,700,000","105,400,000","114,100,000","105,300,000","111,400,000","110,075,000","116,823,000","111,985,000","114,572,000","129,743,000","136,960,000","133,374,000","144,591,000","138,868,000","151,108,000","149,291,000","153,554,000","145,189,000","156,793,000","150,553,000","162,671,000","149,032,000","162,465,000","153,733,000","163,394,000","153,783,000","159,470,000","148,310,000","161,073,000","147,069,000",,"161,790,000","169,258,000","155,757,000","162,824,000","149,475,000","153,819,000","144,679,000","163,502,000","151,018,000","155,465,000","149,165,000","159,258,000","142,470,000","142,687,000","137,803,000","144,947,000","133,299,000","132,268,000","128,150,000","139,166,000","128,117,000","130,843,000","127,583,000","138,869,000","132,576,000","139,567,000","135,267,000"
	DeferredPolicyAcquisitionCosts,"9,818,500,000","9,683,000,000","9,677,100,000","9,577,800,000","9,359,000,000","9,025,400,000","8,811,000,000","8,548,200,000","8,136,600,000","7,649,700,000","7,573,500,000","7,405,500,000","7,003,200,000","7,201,900,000","6,668,000,000","6,161,200,000","5,767,600,000","5,371,500,000","5,103,000,000","4,270,100,000","3,882,700,000","3,646,300,000","3,484,500,000","3,482,600,000","3,326,600,000","3,290,000,000","3,267,394,000","3,034,091,000","3,001,603,000","3,079,611,000","3,150,934,000","3,126,301,000","3,078,233,000","2,827,411,000","2,957,740,000","3,277,810,000","3,257,295,000","3,158,031,000","3,128,931,000","3,090,637,000","2,959,525,000","2,887,051,000","2,861,163,000","2,760,365,000","2,635,132,000","2,558,410,000","2,632,720,000","2,563,885,000","2,565,013,000","2,526,401,000","2,493,422,000","2,432,990,000","2,422,906,000","2,468,246,000","2,504,654,000","2,555,762,000","2,573,130,000","2,579,420,000","2,650,672,000","2,783,598,000","2,917,852,000","2,895,498,000","2,895,345,000","2,746,099,000","2,634,497,000","2,506,550,000","2,397,906,000","2,272,035,000","2,176,079,000","2,081,540,000","2,022,308,000","1,897,131,000","1,786,241,000","1,711,132,000","1,647,654,000","1,562,094,000","1,492,176,000","1,486,173,000","1,393,681,000"
	DeferredTaxAssets,,,,,,,,,,,,,,,,,,,,,,,,,,,,,,,,,,,,,,,,,,,"0","0","0","18,384,000","0","0","88,592,000","24,093,000","76,430,000",,"47,371,000","124,515,000","167,240,000","153,824,000","358,729,000","530,700,000","449,372,000","327,540,000","10,349,000",,,,,,,,"53,302,000","12,953,000",,,,"31,757,000","0","31,385,000","130,394,000","8,909,000","60,321,000"
	SecuritiesLendingCollateral,,,,,,,,,,,,,,,,,,,,,,,,,,,,,,,,"51,034,000","95,291,000","93,242,000","95,985,000","95,977,000","95,222,000","96,006,000","95,215,000","95,768,000","96,014,000","94,629,000","94,729,000",,,,,,,,,,,"142,381,000",,,,,,,,,,,,,,,,,,,,,,,,,
	NetPPE,"642,700,000","671,200,000","645,100,000","617,600,000","608,800,000","585,300,000","561,400,000","529,000,000","495,200,000","469,100,000","493,300,000","468,400,000","450,100,000","438,100,000","433,700,000","418,800,000","419,200,000","409,800,000","392,500,000","381,700,000","370,600,000","355,200,000","347,600,000","358,400,000","355,500,000","348,800,000","343,572,000","337,100,000","327,861,000","312,324,000","298,414,000","286,751,000","289,416,000","286,186,000","277,645,000","274,419,000","262,117,000","255,514,000","253,630,000","253,870,000","250,564,000","250,481,000","250,796,000","246,969,000","241,722,000","236,465,000","242,908,000","247,497,000","254,257,000","259,460,000","267,169,000",,"272,922,000","273,270,000","275,420,000","274,646,000","275,735,000","277,288,000","278,621,000","266,281,000","270,139,000","272,333,000","275,779,000","276,960,000","279,748,000","278,653,000","275,201,000","271,696,000","274,670,000","268,242,000","267,720,000","275,149,000","273,642,000","278,691,000","277,088,000","270,922,000","272,198,000","284,294,000","283,762,000"
	GoodwillAndOtherIntangibleAssets,"2,772,700,000","2,814,300,000","2,865,800,000","2,870,900,000","2,955,400,000","3,053,700,000","3,155,000,000","3,278,500,000","3,430,000,000","3,574,000,000","3,745,800,000","3,665,600,000","3,981,300,000","4,089,500,000","4,347,700,000","4,593,300,000","4,892,700,000","5,189,300,000","5,479,600,000","6,218,000,000","6,331,700,000","923,100,000","917,700,000","1,248,900,000","905,500,000","894,500,000","830,956,000","839,681,000","834,173,000","839,766,000","833,512,000","841,183,000","842,202,000","828,564,000","841,239,000","816,818,000","804,880,000","785,453,000","784,561,000","672,233,000","638,976,000","638,621,000","640,714,000","640,934,000","639,517,000","640,098,000","1,013,943,000","639,018,000","640,638,000","621,412,000","701,987,000","926,195,000","924,426,000","924,834,000","926,398,000","1,009,089,000","1,009,394,000","1,005,027,000","1,001,899,000","840,490,000","828,743,000","829,039,000","832,656,000","801,709,000","791,195,000","790,545,000","790,519,000","805,186,000","805,254,000","804,889,000","804,864,000","817,828,000","820,501,000","820,617,000","823,054,000","831,346,000","833,789,000","828,445,000","828,523,000"
		Goodwill,"2,606,300,000","2,603,500,000","2,603,000,000","2,547,400,000","2,558,200,000","2,569,400,000","2,571,600,000","2,579,900,000","2,588,700,000","2,586,000,000","2,589,300,000","2,325,800,000","2,441,400,000","2,336,200,000","2,343,400,000","2,331,000,000","2,338,000,000","2,331,200,000","2,321,800,000","2,312,500,000","2,369,200,000","923,100,000","917,700,000","916,000,000","905,500,000","894,500,000","830,956,000","839,681,000","834,173,000","839,766,000","833,512,000","841,183,000","842,202,000","828,564,000","841,239,000","816,818,000","804,880,000","785,453,000","784,561,000","672,233,000","638,976,000","638,621,000","640,714,000","640,934,000","639,517,000","640,098,000","639,097,000","639,018,000","640,638,000","621,412,000","619,779,000","926,195,000","924,426,000","924,834,000","926,398,000","1,009,089,000","1,009,394,000","1,005,027,000","1,001,899,000","840,490,000","828,743,000","829,039,000","832,656,000","801,709,000","791,195,000","790,545,000","790,519,000","805,186,000","805,254,000","804,889,000","804,864,000","817,828,000","820,501,000","820,617,000","823,054,000","831,346,000","833,789,000","828,445,000","828,523,000"
		OtherIntangibleAssets,"166,400,000","210,800,000","262,800,000","323,500,000","397,200,000","484,300,000","583,400,000","698,600,000","841,300,000","988,000,000","1,156,500,000","1,339,800,000","1,539,900,000","1,753,300,000","2,004,300,000","2,262,300,000","2,554,700,000","2,858,100,000","3,157,800,000","3,905,500,000","3,962,500,000","298,400,000","313,000,000","332,900,000","344,700,000","360,100,000","272,475,000","297,634,000","287,047,000","313,081,000","318,317,000","344,716,000","373,954,000","374,795,000","427,422,000","416,513,000","419,826,000","396,728,000","408,185,000","349,701,000","329,527,000","356,045,000","325,103,000","334,305,000","346,412,000","372,409,000","374,846,000","379,759,000","424,547,000","385,324,000","82,208,000",,,,,,"1,009,394,000",,,"840,490,000",,,,,,,,,,,,,,,,,,,
	SeparateAccountAssets,,,,,,"11,100,000","11,900,000","11,500,000","11,600,000","11,300,000","2,188,300,000","2,006,100,000","1,853,600,000","1,524,000,000","1,839,700,000","1,747,200,000","1,831,300,000","1,801,100,000","1,609,700,000","1,904,400,000","1,858,300,000","1,816,900,000","1,837,100,000","1,800,300,000","1,779,100,000","1,750,300,000","1,692,287,000","1,738,940,000","1,714,443,000","1,719,454,000","1,798,104,000","1,754,350,000","1,919,609,000","1,933,658,000","1,906,237,000","1,872,091,000","1,942,940,000","1,916,990,000","1,941,747,000","1,858,699,000","1,781,637,000","1,811,992,000","1,731,873,000","1,765,818,000","1,721,478,000","1,842,782,000","1,694,729,000","1,662,046,000","1,975,847,000","2,040,482,000","2,000,371,000","1,890,221,000","1,772,135,000","1,991,916,000","1,972,332,000","1,940,283,000","1,764,269,000","1,602,362,000","1,778,809,000","2,252,388,000","2,662,175,000","2,720,297,000","3,143,288,000","3,305,217,000","3,315,882,000","3,229,121,000","3,298,543,000","3,212,685,000","3,253,839,000","3,498,093,000","3,472,435,000","3,504,017,000","3,467,215,000","3,472,170,000","3,717,149,000","3,540,759,000","3,716,824,000","3,794,806,000","3,805,058,000"
	AssetsOfDiscontinuedOperations,,,"0","0","0","1,050,600,000","1,076,900,000","0","13,648,100,000","13,491,500,000",,,,,,,,,,,,,,,,,,,,,,,,,,,,,,,,,,,,,,,,,,,,,,,,,,,,,,,,,,,,,,,,,,,,,
	OtherAssets,"4,486,600,000","4,416,400,000","4,513,800,000","4,289,300,000","4,529,500,000","4,343,500,000","3,965,400,000","3,426,700,000","3,419,700,000","3,634,700,000","3,394,400,000","3,300,300,000","3,358,700,000","3,506,500,000","3,387,900,000","3,360,900,000","3,478,500,000","3,497,900,000","3,387,700,000","3,389,500,000","3,362,200,000","2,416,300,000","2,516,700,000","749,400,000","2,606,100,000","2,436,000,000","2,324,237,000","2,461,464,000","2,332,480,000","2,472,616,000","2,507,098,000","2,540,764,000","2,622,153,000","2,767,746,000","3,152,557,000","2,536,622,000","2,549,101,000","2,259,867,000","2,146,117,000","1,881,772,000","1,747,646,000","1,789,995,000","1,685,398,000","1,674,961,000","1,556,605,000","1,585,454,000","124,298,000","1,617,733,000","1,718,096,000","1,607,562,000","514,333,000","1,596,344,000","1,642,048,000","1,718,028,000","642,815,000","1,702,919,000","1,953,819,000","613,535,000","535,551,000","1,799,626,000","384,615,000","5,331,277,000","5,378,701,000","5,496,027,000","5,364,939,000","5,347,663,000","2,517,986,000","5,549,752,000","6,198,242,000","6,246,296,000","6,662,595,000","5,733,664,000","5,075,350,000","6,185,778,000","5,545,089,000","899,139,000","889,455,000","898,261,000","1,782,151,000"
TotalLiabilitiesNetMinorityInterest,"28,618,700,000","28,518,800,000","28,895,100,000","29,146,800,000","27,269,000,000","28,001,500,000","28,421,800,000","27,880,400,000","40,086,400,000","38,585,000,000","38,695,100,000","37,642,600,000","38,248,700,000","38,037,100,000","38,609,100,000","38,061,100,000","37,379,200,000","36,765,300,000","35,955,400,000","38,203,400,000","37,028,400,000","27,926,900,000","27,561,500,000","28,267,000,000","25,834,300,000","25,408,900,000","25,611,028,000","25,778,922,000","25,196,142,000","25,722,550,000","25,551,981,000","25,902,492,000","26,014,122,000","25,672,144,000","26,381,159,000","25,330,566,000","25,267,466,000","24,572,097,000","24,881,210,000","24,565,666,000","23,932,909,000","24,274,935,000","23,761,241,000","22,940,010,000","22,210,021,000","22,289,978,000","22,088,509,000","21,759,528,000","21,903,779,000","21,949,982,000","21,616,481,000","21,478,793,000","21,077,162,000","21,265,229,000","20,988,547,000","20,762,129,000","20,457,897,000","20,150,322,000","20,805,081,000","21,622,504,000","21,964,552,000","22,228,040,000","22,640,253,000","22,645,315,000","21,958,563,000","21,539,788,000","21,310,391,000","21,264,009,000","20,962,062,000","21,027,115,000","21,641,734,000","21,722,482,000","20,589,181,000","20,662,237,000","20,844,305,000","20,083,243,000","19,970,817,000","20,130,660,000","20,875,832,000"
	PolicyReservesBenefits,"22,475,000,000","22,270,400,000","22,526,800,000","22,984,000,000","21,163,600,000","20,647,000,000","20,632,800,000","18,457,200,000","17,948,000,000","17,301,000,000","17,308,000,000","29,782,200,000","29,043,700,000","29,054,300,000","29,098,600,000","28,819,100,000","28,102,700,000","27,700,100,000","27,702,600,000","29,726,800,000","28,394,100,000","20,664,400,000","21,218,200,000","17,399,500,000","20,089,700,000","19,840,900,000","20,040,660,000","19,883,617,000","19,323,594,000","19,373,868,000","19,787,133,000","19,995,211,000","19,930,413,000","19,461,228,000","19,711,953,000","19,175,755,000","19,030,075,000","18,732,246,000","18,698,615,000","18,506,449,000","18,176,174,000","18,319,205,000","18,666,355,000","17,738,820,000","17,449,540,000","17,405,469,000","13,815,773,000","17,018,469,000","16,896,180,000","16,667,224,000","13,235,046,000","16,409,838,000","16,112,291,000","16,171,479,000","12,552,614,000","15,764,956,000","15,738,552,000","12,416,491,000","12,541,937,000","16,236,045,000","12,785,938,000","19,853,368,000","19,893,806,000","19,547,777,000","18,604,929,000","18,232,093,000","18,047,470,000","17,800,800,000","17,587,181,000","17,381,486,000","17,310,869,000","16,910,451,000","16,586,025,000","16,399,189,000","16,311,995,000","16,075,569,000","15,873,658,000","15,760,394,000","15,804,511,000"
		UnpaidLossAndLossReserve,,,,,,,,,,,,,,,,,,,,,,,,,,,,,,,,,,,,,,,,,,,,"11,842,147,000","11,764,352,000","11,840,686,000",,"11,702,796,000","11,651,179,000","11,547,240,000",,"11,445,170,000","11,148,310,000","11,125,943,000",,"10,610,271,000","10,535,110,000",,,"10,656,885,000",,"7,177,899,000","7,189,496,000","7,164,149,000","6,818,728,000","6,767,405,000","6,766,343,000","6,767,016,000","6,742,776,000","6,697,981,000","6,664,854,000","6,584,562,000","6,503,262,000","6,461,838,000","6,412,688,000","6,328,838,000","6,248,735,000","6,162,963,000","6,235,140,000"
		UnearnedPremiums,"19,931,300,000","19,671,600,000","19,802,400,000","19,554,900,000","19,219,500,000","18,702,900,000","18,623,700,000","18,457,200,000","17,948,000,000","17,301,000,000","17,308,000,000","17,116,600,000","16,557,200,000","16,673,600,000","16,603,600,000","16,383,200,000","15,934,600,000","15,638,700,000","15,648,000,000","15,497,200,000","14,505,000,000","7,084,800,000","7,038,600,000","6,962,600,000","6,718,300,000","6,601,600,000","6,626,525,000","6,443,266,000","6,298,466,000","6,308,939,000","6,423,720,000","6,449,260,000","6,429,804,000","6,259,389,000","6,529,675,000","6,784,089,000","6,690,889,000","6,610,702,000","6,662,672,000","6,455,337,000","6,232,639,000","6,174,246,000","6,192,260,000","5,896,673,000","5,685,188,000","5,564,783,000","5,482,017,000","5,315,673,000","5,245,001,000","5,119,984,000","5,063,999,000","4,964,668,000","4,963,981,000","5,045,536,000","5,153,564,000","5,154,685,000","5,203,442,000","5,227,849,000","5,407,859,000","5,579,160,000","5,531,862,000","5,412,023,000","5,410,709,000","5,142,208,000","4,860,076,000","4,602,760,000","4,429,893,000","4,215,615,000","4,049,636,000","3,906,705,000","3,851,614,000","3,661,575,000","3,493,567,000","3,381,896,000","3,354,299,000","3,221,977,000","3,139,535,000","3,170,594,000","3,133,847,000"
		FuturePolicyBenefits,"2,543,700,000","2,598,800,000","2,724,400,000","3,429,100,000","1,944,100,000","1,944,100,000","2,009,100,000","1,334,100,000","1,338,200,000","1,356,500,000","10,062,000,000","12,665,600,000","12,486,500,000","12,380,700,000","12,495,000,000","12,435,900,000","12,168,100,000","12,061,400,000","12,054,600,000","14,229,600,000","13,889,100,000","13,579,600,000","14,179,600,000","10,436,900,000","13,371,400,000","13,239,300,000","13,414,135,000","13,440,351,000","13,025,128,000","13,064,929,000","13,363,413,000","13,545,951,000","13,500,609,000","13,201,839,000","13,182,278,000","12,391,666,000","12,339,186,000","12,121,544,000","12,035,943,000","12,051,112,000","11,943,535,000","12,144,959,000","12,474,095,000","8,481,404,000","8,412,128,000","8,456,509,000","8,269,343,000","8,217,526,000","8,212,705,000","8,166,055,000","8,105,153,000",,"7,804,668,000","7,756,402,000","7,349,633,000","7,282,280,000","7,203,830,000","7,150,150,000","7,095,645,000","7,232,105,000","7,205,884,000","7,177,899,000","7,189,496,000","7,164,149,000","6,818,728,000","6,767,405,000","6,766,343,000","6,767,016,000","6,742,776,000","6,697,981,000","6,664,854,000","6,584,562,000","6,503,262,000","6,461,838,000","6,412,688,000","6,328,838,000","6,248,735,000","6,162,963,000","6,235,140,000"
		PolicyholderFunds,,,,,,,,,,,,,,,,,,,,,,,,,,,,,,,,,,,,,,,,,,,,"60,703,000","60,890,000","63,723,000","64,413,000","67,696,000","61,768,000","64,081,000","65,894,000",,"47,730,000","50,220,000","49,417,000","58,970,000","54,961,000","38,492,000","38,433,000","46,747,000","48,192,000","85,547,000","104,105,000","77,271,000","107,397,000","94,523,000","84,891,000","51,153,000","51,993,000","78,819,000","129,547,000","79,752,000","85,934,000","93,617,000","132,320,000","195,916,000","236,653,000","263,874,000","200,384,000"
	TotalDeposits,"376,200,000","373,900,000","366,600,000","374,500,000","338,700,000","355,100,000","364,200,000","350,000,000","359,300,000","359,800,000","358,600,000","361,200,000","346,800,000","352,600,000","319,400,000","287,900,000","308,000,000","294,000,000","272,000,000","279,000,000","347,100,000","173,600,000","179,800,000","142,700,000","153,400,000","128,700,000","111,721,000","106,924,000","105,475,000","101,400,000","94,417,000","93,745,000","95,632,000","87,146,000","75,161,000","78,707,000","78,706,000","79,366,000","76,778,000","70,881,000","58,847,000","60,905,000","61,413,000",,,,,,,,,,,,,,,,,,,,,,,,,,,,,,,,,,,,
	PayablesAndAccruedExpenses,"4,014,300,000","4,119,600,000","4,238,400,000","4,033,500,000","3,976,600,000","4,103,400,000","4,509,800,000","7,209,800,000","7,091,400,000","6,703,800,000","16,945,900,000","3,845,700,000","3,602,600,000","3,545,900,000","3,976,900,000","3,782,200,000","3,676,100,000","3,410,900,000","3,128,900,000","3,110,700,000","3,590,000,000","2,500,700,000","2,736,500,000","7,708,100,000","2,658,800,000","2,556,300,000","2,578,926,000","2,672,397,000","2,553,582,000","2,650,402,000","2,703,035,000","2,890,552,000","2,898,554,000","3,008,546,000","3,491,073,000","3,023,353,000","3,031,513,000","2,656,351,000","2,503,419,000","2,458,748,000","2,220,752,000","2,361,687,000","2,274,994,000","2,342,789,000","1,941,850,000","1,940,007,000","5,343,742,000","1,967,623,000","1,915,278,000","2,120,725,000","5,126,476,000","2,051,667,000","2,059,672,000","1,962,771,000","5,098,205,000","2,076,698,000","1,974,909,000","4,768,153,000","5,057,352,000","2,150,978,000","4,820,401,000","5,113,073,000","5,007,899,000","5,072,899,000","5,049,540,000","3,721,782,000","3,801,697,000","5,037,746,000","4,994,632,000","5,029,070,000","5,657,175,000","6,023,203,000","5,089,540,000","5,362,907,000","5,386,963,000","5,455,946,000","5,298,863,000","5,393,992,000","3,993,946,000"
		Payables,"4,014,300,000","4,119,600,000","4,238,400,000","4,033,500,000","3,976,600,000","4,103,400,000","4,509,800,000","7,209,800,000","7,091,400,000","6,703,800,000","16,945,900,000","3,845,700,000","3,602,600,000","3,545,900,000","3,976,900,000","3,782,200,000","3,676,100,000","3,410,900,000","3,128,900,000","3,110,700,000","3,590,000,000","2,500,700,000","2,736,500,000","7,708,100,000","2,658,800,000","2,556,300,000","2,578,926,000","2,672,397,000","2,553,582,000","2,650,402,000","2,703,035,000","2,890,552,000","2,898,554,000","3,008,546,000","3,491,073,000","3,023,353,000","3,031,513,000","2,656,351,000","2,503,419,000","2,458,748,000","2,220,752,000","2,361,687,000","2,274,994,000","2,342,789,000","1,941,850,000","1,940,007,000","5,343,742,000","1,967,623,000","1,915,278,000","2,120,725,000","5,126,476,000","2,051,667,000","2,059,672,000","1,962,771,000","5,098,205,000","2,076,698,000","1,974,909,000","4,768,153,000","5,057,352,000","2,150,978,000","4,820,401,000","5,113,073,000","5,007,899,000","5,072,899,000","5,049,540,000","3,721,782,000","3,801,697,000","5,037,746,000","4,994,632,000","5,029,070,000","5,657,175,000","6,023,203,000","5,089,540,000","5,362,907,000","5,386,963,000","5,455,946,000","5,298,863,000","5,393,992,000","3,993,946,000"
			AccountsPayable,"4,014,300,000","4,119,600,000","4,238,400,000","4,033,500,000","3,976,600,000","4,103,400,000","4,509,800,000","7,209,800,000","7,091,400,000","6,703,800,000","16,945,900,000","3,845,700,000","3,602,600,000","3,545,900,000","3,976,900,000","3,782,200,000","3,676,100,000","3,410,900,000","3,128,900,000","3,110,700,000","3,590,000,000","2,500,700,000","2,736,500,000","7,708,100,000","2,658,800,000","2,556,300,000","2,578,926,000","2,672,397,000","2,553,582,000","2,650,402,000","2,703,035,000","2,890,552,000","2,898,554,000","3,008,546,000","3,491,073,000","3,023,353,000","3,031,513,000","2,656,351,000","2,503,419,000","2,458,748,000","2,220,752,000","2,361,687,000","2,274,994,000","2,342,789,000","1,941,850,000","1,940,007,000","1,616,170,000","1,967,623,000","1,915,278,000","2,120,725,000","1,458,196,000","2,051,667,000","2,059,672,000","1,962,771,000","1,483,692,000","2,076,698,000","1,974,909,000","1,233,030,000","1,521,421,000","2,150,978,000","1,307,330,000","1,409,357,000","1,332,824,000","1,288,572,000","1,251,910,000","1,215,283,000","1,282,903,000","1,130,366,000","1,158,026,000","1,092,163,000","1,351,196,000","1,133,277,000","1,109,135,000","1,209,002,000","1,328,483,000","1,308,728,000","1,314,518,000","1,396,161,000","1,364,581,000"
			TotalTaxPayable,,,,,,,,,,,,,,,,,,,,,,,,,,,,"57,083,000","81,302,000","258,087,000",,,"26,945,000","31,193,000","0","24,594,000","0","14,896,000","3,371,000","20,959,000","33,627,000",,"0","0","0","53,700,000","30,431,000","0","0","50,002,000","41,702,000",,"39,690,000","121,119,000","30,126,000","43,804,000","55,492,000","64,496,000",,,,"94,720,000","0","27,843,000","51,621,000","73,988,000","36,232,000",,,"36,569,000","0","25,911,000","51,380,000","110,159,000","71,869,000","74,589,000","57,707,000","90,916,000","0"
				IncomeTaxPayable,,,,,,,,,,,,,,,,,,,,,,,,,,,,"57,083,000","81,302,000","258,087,000",,,"26,945,000","31,193,000","0","24,594,000","0","14,896,000","3,371,000","20,959,000","33,627,000",,"0","0","0","53,700,000","30,431,000","0","0","50,002,000","41,702,000",,"39,690,000","121,119,000","30,126,000","43,804,000","55,492,000","64,496,000",,,,"94,720,000","0","27,843,000","51,621,000","73,988,000","36,232,000",,,"36,569,000","0","25,911,000","51,380,000","110,159,000","71,869,000","74,589,000","57,707,000","90,916,000","0"
			OtherPayable,,,,,,,,,,,,,,,,,,,,,,,,,,,,,,,,,,,,,,,,,,,,"3,642,942,000","3,568,565,000","3,595,711,000","3,697,141,000","3,744,374,000","3,698,709,000","3,645,635,000","3,626,578,000",,"3,566,403,000","3,576,614,000","3,584,387,000","3,561,200,000","3,513,531,000","3,470,627,000","3,535,931,000","3,640,484,000","3,513,071,000","3,608,996,000","3,675,075,000","3,756,484,000","3,746,009,000","2,432,511,000","2,482,562,000","3,907,380,000","3,836,606,000","3,900,338,000","4,305,979,000","4,864,015,000","3,929,025,000","4,043,746,000","3,986,611,000","4,072,629,000","3,926,638,000","3,906,915,000","2,629,365,000"
	CurrentDebtAndCapitalLeaseObligation,"50,000,000","50,000,000",,,,,,,,,,,"200,000,000","200,000,000",,,,,,,,,,,,,,,,,,,,,,,,,,,,,,,,,,,,,,,,,,,,,,,,,,,,,,,,,,,,,,,,,
		CurrentDebt,"50,000,000","50,000,000",,,,,,,,,,,"200,000,000","200,000,000",,,,,,,,,,,,,,,,,,,,,,,,,,,,,,,,,,,,,,,,,,,,,,,,,,,,,,,,,,,,,,,,,
			CurrentNotesPayable,"50,000,000","50,000,000",,,,,,,,,,,,,,,,,,,,,,,,,,,,,,,,,,,,,,,,,,,,,,,,,,,,,,,,,,,,,,,,,,,,,,,,,,,,,
			LineOfCredit,,,,,,,,,,,,,"200,000,000","200,000,000",,,,,,,,,,,,,,,,,,,,,,,,,,,,,,,,,,,,,,,,,,,,,,,,,,,,,,,,,,,,,,,,,
	LongTermDebtAndCapitalLeaseObligation,"2,129,400,000","2,128,800,000","2,129,900,000","2,129,300,000","2,128,800,000","2,203,000,000","2,202,500,000","2,201,900,000","2,550,500,000","2,203,700,000","2,252,900,000","2,008,600,000","2,208,000,000","2,207,500,000","2,006,900,000","2,006,300,000","2,007,300,000","2,006,600,000","2,006,000,000","2,005,400,000","2,004,800,000","2,004,400,000","1,068,200,000","1,067,900,000","1,136,600,000","1,067,300,000","1,067,020,000","1,165,557,000","1,165,255,000","1,414,704,000","1,171,382,000","1,171,305,000","1,171,229,000","1,171,153,000","1,171,079,000","1,171,005,000","1,170,932,000","1,170,859,000","1,638,118,000","1,638,388,000","1,646,890,000","1,670,523,000","972,399,000","972,368,000","972,337,000","972,308,000","972,278,000","972,249,000","972,220,000","972,192,000","972,164,000","972,137,000","972,110,000","972,084,000","972,058,000","972,032,000","972,007,000","971,982,000","971,957,000","971,933,000","971,909,000","1,493,233,000","1,513,513,000","971,831,000","971,818,000","971,796,000","971,774,000","971,753,000","971,731,000","971,711,000","971,690,000","971,670,000","971,650,000","971,631,000","1,506,942,000","971,593,000","971,614,000","971,576,000","1,750,000,000"
		LongTermDebt,"2,129,400,000","2,128,800,000","2,129,900,000","2,129,300,000","2,128,800,000","2,203,000,000","2,202,500,000","2,201,900,000","2,550,500,000","2,203,700,000","2,252,900,000","2,008,600,000","2,208,000,000","2,207,500,000","2,006,900,000","2,006,300,000","2,007,300,000","2,006,600,000","2,006,000,000","2,005,400,000","2,004,800,000","2,004,400,000","1,068,200,000","1,067,900,000","1,136,600,000","1,067,300,000","1,067,020,000","1,165,557,000","1,165,255,000","1,414,704,000","1,171,382,000","1,171,305,000","1,171,229,000","1,171,153,000","1,171,079,000","1,171,005,000","1,170,932,000","1,170,859,000","1,638,118,000","1,638,388,000","1,646,890,000","1,670,523,000","972,399,000","972,368,000","972,337,000","972,308,000","972,278,000","972,249,000","972,220,000","972,192,000","972,164,000","972,137,000","972,110,000","972,084,000","972,058,000","972,032,000","972,007,000","971,982,000","971,957,000","971,933,000","971,909,000","1,493,233,000","1,513,513,000","971,831,000","971,818,000","971,796,000","971,774,000","971,753,000","971,731,000","428,513,000","971,690,000","971,670,000","971,650,000","971,631,000","1,506,942,000","971,593,000","971,614,000","971,576,000","1,750,000,000"
		LongTermCapitalLeaseObligation,,,,,,,,,,,,,,,,,,,,,,,,,,,,,,,,,,,,,,,,,,,,,,,,,,,,,,,,,,,,,,,,,,,,,,"543,198,000",,,,,,,,,
	SecuritySoldNotYetRepurchased,,,,,,,,,,,,,,,,,,,,,,,,,,,,,,,,,,,,,,,,,,,,"94,024,000","94,615,000","94,290,000","95,494,000","96,449,000","93,125,000",,"122,931,000",,"134,758,000","143,439,000","220,279,000","197,288,000","224,774,000","202,616,000","256,506,000","355,961,000","510,903,000",,,,,,,,,,,,,,,,,,
	CurrentDeferredLiabilities,,,,,,,,,,,,,,,,,,,,,,,,,,,,,,,,,,,,,,,,,,,,"120,215,000","124,816,000","129,412,000","134,033,000","139,141,000","144,254,000","149,359,000","154,493,000","146,770,000","152,794,000","158,819,000","164,899,000","167,006,000","173,808,000","180,558,000","187,360,000","194,687,000","202,066,000",,,,,,,,,,,,,,,,,,
		CurrentDeferredRevenue,,,,,,,,,,,,,,,,,,,,,,,,,,,,,,,,,,,,,,,,,,,,"120,215,000","124,816,000","129,412,000","134,033,000","139,141,000","144,254,000","149,359,000","154,493,000","146,770,000","152,794,000","158,819,000","164,899,000","167,006,000","173,808,000","180,558,000","187,360,000","194,687,000","202,066,000",,,,,,,,,,,,,,,,,,
	NonCurrentDeferredLiabilities,,,,,,,,,,,,,,,,,,"45,400,000","53,100,000","81,900,000","94,700,000","109,600,000","128,100,000","148,500,000","170,100,000","194,100,000","232,135,000","318,411,000","439,268,000","564,122,000","92,327,000","91,074,000","94,317,000","97,559,000","100,817,000","88,362,000","92,006,000","95,651,000","99,311,000","103,382,000","107,456,000","111,528,000","115,620,000","183,557,000","52,336,000",,"32,460,000","13,674,000",,,,,,,,,,,,,,"52,168,000","108,429,000","37,034,000","3,677,000","64,263,000","57,157,000","63,345,000",,,"47,514,000","69,025,000","89,998,000",,"4,224,000",,,,
		NonCurrentDeferredTaxesLiabilities,,,,,,,,,,,,,,,,,,,,,,,,,,,,,,,,,,,,"323,073,000","324,920,000","251,637,000","129,148,000","44,878,000","32,916,000","179,502,000","161,288,000","183,557,000","52,336,000",,"32,460,000","13,674,000",,,,,,,,,,,,,,"52,168,000","108,429,000","37,034,000","3,677,000","64,263,000","57,157,000","63,345,000",,,"47,514,000","69,025,000","89,998,000",,"4,224,000",,,,
		NonCurrentDeferredRevenue,,,,,,,,,,,,,,,,,,"45,400,000","53,100,000","81,900,000","94,700,000","109,600,000","128,100,000","148,500,000","170,100,000","194,100,000","232,135,000","318,411,000","439,268,000","564,122,000","92,327,000","91,074,000","94,317,000","97,559,000","100,817,000","88,362,000","92,006,000","95,651,000","99,311,000","103,382,000","107,456,000","111,528,000","115,620,000",,,,,,,,,,,,,,,,,,,,,,,,,,,,,,,,,,,,
	SeparateAccountBusiness,,,,,,"11,100,000","11,900,000","11,500,000","11,600,000","11,300,000","2,188,300,000","2,006,100,000","1,853,600,000","1,524,000,000","1,839,700,000","1,747,200,000","1,831,300,000","1,801,100,000","1,609,700,000","1,904,400,000","1,858,300,000","1,816,900,000","1,837,100,000","1,800,300,000","1,779,100,000","1,750,300,000","1,692,287,000","1,738,940,000","1,714,443,000","1,719,454,000","1,798,104,000","1,754,350,000","1,919,609,000","1,933,658,000","1,906,237,000","1,872,091,000","1,942,940,000","1,916,990,000","1,941,747,000","1,858,699,000","1,781,637,000","1,811,992,000","1,731,873,000","1,765,818,000","1,721,478,000","1,842,782,000","1,694,729,000","1,662,046,000","1,975,847,000","2,040,482,000","2,000,371,000","1,890,221,000","1,772,135,000","1,991,916,000","1,972,332,000","1,940,283,000","1,764,269,000","1,602,362,000","1,778,809,000","2,252,388,000","2,662,175,000","2,720,297,000","3,143,288,000","3,305,217,000","3,315,882,000","3,229,121,000","3,298,543,000","3,212,685,000","3,253,839,000","3,498,093,000","3,472,435,000","3,504,017,000","3,467,215,000","3,472,170,000","3,717,149,000","3,540,759,000","3,716,824,000","3,794,806,000","3,805,058,000"
	PreferredSecuritiesOutsideStockEquity,,,,,,,,,,,,,,,,,,,,,,,,,,,,,,,,,,,,,,,,,,,,,,,"0","0","0","0","5,000,000","8,160,000","8,160,000","8,160,000","8,160,000","8,160,000","8,160,000","8,160,000","11,160,000","11,160,000","11,160,000","11,160,000","21,160,000","21,160,000","22,160,000","22,160,000","22,160,000","23,160,000","23,160,000","23,160,000","24,160,000","24,160,000","24,160,000","24,160,000","24,160,000","24,160,000","24,160,000","24,160,000","220,384,000"
	OtherLiabilities,"4,014,300,000","4,119,600,000","4,238,400,000","4,033,500,000","-100,000","1,037,000,000","1,064,800,000","3,978,300,000","12,484,900,000","12,365,200,000","2,794,900,000","3,845,700,000","1,540,800,000","1,705,400,000","1,687,000,000","1,706,300,000","1,761,800,000","1,801,200,000","1,455,100,000","1,374,200,000","1,086,500,000","830,900,000","573,400,000","2,363,000,000","2,658,800,000","2,556,300,000","2,578,926,000","2,672,397,000","2,553,582,000","2,650,402,000","2,703,035,000","51,034,000","95,289,000","93,241,000","95,986,000","95,973,000","95,217,000","95,997,000","95,206,000","95,761,000","96,000,000","94,611,000","94,714,000",,,,,,,"272,358,000",,,,,,,,,,"2,252,388,000",,"-7,015,259,000","-7,047,842,000","-6,310,603,000","-6,009,443,000","-4,701,427,000","-4,888,410,000","-5,845,480,000","-5,868,481,000","-5,876,405,000","-5,842,109,000","-5,780,044,000","-5,639,407,000","-5,567,820,000","-6,107,128,000","-5,984,784,000","-5,914,302,000","-5,814,268,000","-4,698,067,000"
TotalEquityGrossMinorityInterest,"4,486,000,000","4,396,400,000","4,228,700,000","4,098,900,000","4,459,700,000","5,021,100,000","5,489,700,000","5,744,400,000","5,908,400,000","5,825,600,000","5,954,800,000","5,940,000,000","5,984,500,000","5,386,200,000","5,682,100,000","5,690,400,000","5,760,300,000","5,471,700,000","5,133,900,000","5,239,700,000","5,332,900,000","4,501,000,000","4,281,500,000","4,138,200,000","4,224,600,000","4,158,800,000","4,098,100,000","4,504,914,000","4,608,071,000","4,564,645,000","4,523,967,000","4,683,599,000","4,827,960,000","5,128,212,000","5,181,307,000","5,342,563,000","5,349,707,000","5,096,288,000","4,833,479,000","4,782,919,000","4,795,886,000","5,206,605,000","5,185,366,000","5,229,613,000","5,033,568,000","4,964,890,000","5,026,936,000","5,014,472,000","4,875,976,000","4,747,393,000","4,780,537,000","5,366,541,000","5,038,168,000","4,973,585,000","4,853,249,000","4,903,449,000","4,364,577,000","3,670,322,000","3,709,505,000","3,731,811,000","4,247,480,000","4,218,375,000","4,110,063,000","3,923,065,000","3,814,392,000","3,921,261,000","3,854,757,000","3,759,441,000","3,570,354,000","3,653,569,000","3,723,719,000","3,689,962,000","3,867,582,000","3,659,737,000","3,659,591,000","3,555,051,000","3,378,364,000","3,573,617,000","2,852,487,000"
	StockholdersEquity,"4,486,000,000","4,396,400,000","4,228,700,000","4,098,900,000","4,459,700,000","5,021,100,000","5,489,700,000","5,744,400,000","5,908,400,000","5,822,200,000","5,951,400,000","5,936,400,000","5,967,800,000","5,370,000,000","5,652,800,000","5,658,600,000","5,730,200,000","5,440,600,000","5,112,000,000","5,219,400,000","5,312,500,000","4,489,800,000","4,270,600,000","4,138,200,000","4,224,600,000","4,158,800,000","4,098,100,000","4,504,914,000","4,608,071,000","4,564,645,000","4,523,967,000","4,683,599,000","4,827,960,000","5,128,212,000","5,181,307,000","5,342,563,000","5,349,707,000","5,096,288,000","4,833,479,000","4,782,919,000","4,795,886,000","5,206,605,000","5,185,366,000","5,229,613,000","5,033,568,000","4,964,890,000","5,026,936,000","5,014,472,000","4,875,976,000","4,747,393,000","4,780,537,000","5,366,541,000","5,038,168,000","4,973,585,000","4,853,249,000","4,903,449,000","4,364,577,000","3,670,322,000","3,709,505,000","3,731,811,000","4,247,480,000","4,207,215,000","4,088,903,000","3,923,065,000","3,814,392,000","3,921,261,000","3,832,597,000","3,759,441,000","3,570,354,000","3,653,569,000","3,699,559,000","3,665,802,000","3,843,422,000","3,635,577,000","3,635,431,000","3,555,051,000","3,354,204,000","3,549,457,000","2,632,103,000"
		CapitalStock,"600,000","600,000","600,000","600,000","600,000","600,000","700,000","700,000","700,000","700,000","3,500,000","4,500,000","4,500,000","4,500,000","4,500,000","4,500,000","4,500,000","4,500,000","4,500,000","4,500,000","4,500,000","4,400,000","1,500,000","1,500,000","1,500,000","1,500,000","1,504,000","1,503,000","1,502,000","1,500,000","1,497,000","1,497,000","1,496,000","1,493,000","1,490,000","1,490,000","1,489,000","1,486,000","1,482,000","1,482,000","1,480,000","1,478,000","1,474,000","1,473,000","1,472,000","1,463,000","1,464,000","1,458,000","1,457,000","1,456,000","1,453,000",,"1,451,000","1,451,000","1,447,000","4,781,088,000","4,676,177,000","1,445,000","1,443,000","1,443,000","1,442,000","1,440,000","1,438,000","1,437,000","1,436,000","1,432,000","1,430,000","1,429,000","1,428,000","1,427,000","1,426,000","1,425,000","1,424,000","1,423,000","1,423,000","1,423,000","1,423,000","1,423,000","1,092,000"
			PreferredStock,,,,,,,"0","0","0","0","2,900,000","2,900,000","2,900,000","2,900,000","2,900,000","2,900,000","2,900,000","2,900,000","2,900,000","2,900,000","2,900,000","2,900,000",,,,,,,,,,,,,,,,,,,,,,,,,,,,,,,,,,,,,,,,,,,,,,,,,,,,,,,,,
			CommonStock,"600,000","600,000","600,000","600,000","600,000","600,000","700,000","700,000","700,000","700,000","600,000","1,600,000","1,600,000","1,600,000","1,600,000","1,600,000","1,600,000","1,600,000","1,600,000","1,600,000","1,600,000","1,500,000","1,500,000","1,500,000","1,500,000","1,500,000","1,504,000","1,503,000","1,502,000","1,500,000","1,497,000","1,497,000","1,496,000","1,493,000","1,490,000","1,490,000","1,489,000","1,486,000","1,482,000","1,482,000","1,480,000","1,478,000","1,474,000","1,473,000","1,472,000","1,463,000","1,464,000","1,458,000","1,457,000","1,456,000","1,453,000",,"1,451,000","1,451,000","1,447,000","4,781,088,000","4,676,177,000","1,445,000","1,443,000","1,443,000","1,442,000","1,440,000","1,438,000","1,437,000","1,436,000","1,432,000","1,430,000","1,429,000","1,428,000","1,427,000","1,426,000","1,425,000","1,424,000","1,423,000","1,423,000","1,423,000","1,423,000","1,423,000","1,092,000"
		AdditionalPaidInCapital,"1,653,700,000","1,642,200,000","1,637,800,000","1,627,100,000","1,629,900,000","1,652,100,000","1,695,000,000","1,731,300,000","1,786,200,000","1,804,300,000","1,956,800,000","4,568,200,000","4,550,400,000","4,540,600,000","4,537,700,000","4,524,500,000","4,509,200,000","4,496,000,000","4,495,600,000","4,478,800,000","4,459,700,000","3,478,800,000","3,197,900,000","3,186,800,000","3,172,400,000","3,173,500,000","3,175,867,000","3,168,267,000","3,150,911,000","3,152,977,000","3,148,409,000","3,138,801,000","3,126,772,000","3,135,397,000","3,131,274,000","3,117,645,000","3,104,104,000","3,095,561,000","3,087,533,000","3,075,444,000","3,059,228,000","3,051,639,000","3,052,454,000","3,043,121,000","3,028,665,000","3,028,816,000","3,025,477,000","3,016,300,000","3,003,524,000","2,997,130,000","2,993,957,000",,"2,973,431,000","2,964,651,000","2,962,883,000","2,950,953,000","2,941,124,000","2,936,265,000","2,928,160,000","2,921,290,000","2,912,038,000","2,912,891,000","2,904,970,000","2,902,187,000","2,893,403,000","2,898,636,000","2,894,892,000","2,892,394,000","2,885,081,000","2,880,855,000","2,880,329,000","2,853,021,000","2,839,098,000","2,792,176,000","2,790,476,000","2,790,440,000","2,790,440,000","2,790,440,000","2,063,763,000"
		RetainedEarnings,"5,408,700,000","5,295,900,000","5,214,900,000","5,183,800,000","5,281,900,000","5,506,400,000","5,639,700,000","5,828,500,000","5,304,400,000","5,317,700,000","5,241,600,000","5,278,200,000","5,398,900,000","5,281,600,000","5,241,300,000","5,253,400,000","5,401,500,000","5,337,200,000","5,267,400,000","5,317,100,000","5,450,400,000","4,438,100,000","4,036,600,000","5,414,600,000","3,987,700,000","4,010,500,000","4,003,498,000","4,176,808,000","4,280,817,000","4,339,405,000","4,405,418,000","4,437,561,000","4,479,541,000","4,579,215,000","4,625,540,000","4,682,817,000","4,585,635,000","4,512,807,000","4,406,649,000","4,396,613,000","4,375,378,000","4,428,576,000","4,354,963,000","3,992,869,000","3,883,865,000","3,734,103,000","3,742,479,000","3,596,751,000","3,537,946,000","3,389,644,000","3,264,025,000",,"3,340,900,000","3,194,101,000","3,054,466,000","3,060,160,000","2,933,131,000","2,714,463,000","2,650,371,000","2,484,399,000","2,612,291,000","2,438,904,000","2,269,107,000","2,162,450,000","1,989,405,000","1,837,623,000","1,676,171,000","1,435,984,000","1,297,249,000","1,158,973,000","1,006,910,000","880,338,000","790,827,000","674,208,000","569,605,000","493,266,000","428,350,000","343,099,000","248,721,000"
		TreasuryStock,"122,800,000","122,800,000","122,800,000","122,800,000","122,800,000","122,800,000","122,800,000","122,800,000","122,800,000","122,800,000","267,400,000","5,420,500,000","5,350,400,000","5,324,600,000","5,267,300,000","5,158,500,000","5,093,100,000","5,043,000,000","4,992,400,000","4,943,300,000","4,860,100,000","4,860,100,000","4,860,100,000","4,721,100,000","4,686,900,000","4,575,300,000","4,470,551,000","4,288,633,000","4,052,971,000","3,859,616,000","3,601,162,000","3,526,929,000","3,500,397,000","3,398,172,000","3,316,511,000","3,214,963,000","3,177,755,000","3,119,180,000","3,098,241,000","3,005,723,000","2,900,785,000","2,726,628,000","2,700,061,000","2,666,709,000","2,556,866,000","2,396,708,000","2,297,351,000","2,124,449,000","2,048,224,000","1,937,859,000","1,764,422,000",,"1,555,765,000","1,340,656,000","1,231,472,000","1,231,472,000","1,199,523,000","1,199,523,000","1,199,523,000","1,199,523,000","1,140,523,000","1,140,523,000","1,140,523,000","1,140,523,000","1,021,636,000","905,420,000","827,960,000","728,516,000","573,407,000","466,086,000","405,776,000","329,224,000","184,324,000","88,230,000","63,628,000","36,035,000","798,000",,
		GainsLossesNotAffectingRetainedEarnings,"-922,700,000","-899,500,000","-986,200,000","-1,084,900,000","-822,200,000","-485,300,000","-150,000,000","-84,100,000","604,000,000","504,500,000","709,800,000","658,200,000","568,900,000","88,400,000","411,500,000","405,200,000","328,700,000","103,400,000","-155,400,000","-97,700,000","-137,900,000","51,700,000","234,000,000","256,400,000","236,900,000","148,300,000","94,602,000","328,106,000","327,254,000","225,240,000","118,549,000","246,038,000","348,419,000","548,997,000","555,767,000","659,746,000","764,072,000","583,481,000","426,830,000","386,306,000","420,508,000","778,029,000","830,403,000","858,859,000","676,432,000","597,216,000","554,867,000","524,412,000","381,273,000","297,022,000","285,524,000","514,671,000","278,151,000","154,038,000","65,925,000","122,361,000","-311,600,000","-782,328,000","-670,946,000","-475,798,000","-137,768,000","-5,497,000","53,911,000","-2,486,000","-48,216,000","88,990,000","88,064,000","158,150,000","-39,997,000","78,400,000","219,499,000","263,029,000","399,549,000","256,529,000","338,163,000","306,665,000","135,697,000","415,760,000","318,527,000"
		OtherEquityInterest,,,,,,,,,,,,,,,,,,,,,,,,,,,,,,,,,,,,,,,,,,,,"4,370,754,000","4,357,136,000","4,367,674,000",,"4,490,060,000","4,494,703,000","4,450,371,000",,"4,851,870,000","4,760,017,000","4,819,547,000",,"122,361,000",,,,"4,207,609,000",,,,,,,,,,,"-2,829,000","-2,787,000","-3,152,000","-529,000","-608,000","-708,000","-908,000","-1,265,000",
	MinorityInterest,,,,,,,"0","0","0","3,400,000","3,400,000","3,600,000","16,700,000","16,200,000","29,300,000","31,800,000","30,100,000","31,100,000","21,900,000","20,300,000","20,400,000","11,200,000","10,900,000",,,,,,,,,,,,,,,,,,,,,,,,,,,,,,,,,,,,,,,"11,160,000","21,160,000",,,,"22,160,000",,,,"24,160,000","24,160,000","24,160,000","24,160,000","24,160,000",,"24,160,000","24,160,000","220,384,000"
TotalCapitalization,"6,615,400,000","6,525,200,000","6,358,600,000","6,228,200,000","6,588,500,000","7,224,100,000","7,692,200,000","7,946,300,000","8,458,900,000","8,025,900,000","8,204,300,000","7,945,000,000","8,175,800,000","7,577,500,000","7,659,700,000","7,664,900,000","7,737,500,000","7,447,200,000","7,118,000,000","7,224,800,000","7,317,300,000","6,494,200,000","5,338,800,000","5,206,100,000","5,361,200,000","5,226,100,000","5,165,120,000","5,670,471,000","5,773,326,000","5,979,349,000","5,695,349,000","5,854,904,000","5,999,189,000","6,299,365,000","6,352,386,000","6,513,568,000","6,520,639,000","6,267,147,000","6,471,597,000","6,421,307,000","6,442,776,000","6,877,128,000","6,157,765,000","6,201,981,000","6,005,905,000","5,937,198,000","5,999,214,000","5,986,721,000","5,848,196,000","5,719,585,000","5,752,701,000","6,338,678,000","6,010,278,000","5,945,669,000","5,825,307,000","5,875,481,000","5,336,584,000","4,642,304,000","4,681,462,000","4,703,744,000","5,219,389,000","5,700,448,000","5,602,416,000","4,894,896,000","4,786,210,000","4,893,057,000","4,804,371,000","4,731,194,000","4,542,085,000","4,082,082,000","4,671,249,000","4,637,472,000","4,815,072,000","4,607,208,000","5,142,373,000","4,526,644,000","4,325,818,000","4,521,033,000","4,382,103,000"
PreferredStockEquity,,,,,,,,,,,"2,900,000","2,900,000","2,900,000","2,900,000","2,900,000","2,900,000","2,900,000","2,900,000","2,900,000","2,900,000","2,900,000","2,900,000",,,,,,,,,,,,,,,,,,,,,,,,,,,,,,,,,,,,,,,,,,,,,,,,,,,,,,,,,
CommonStockEquity,"4,486,000,000","4,396,400,000","4,228,700,000","4,098,900,000","4,459,700,000","5,021,100,000","5,489,700,000","5,744,400,000","5,908,400,000","5,822,200,000","5,951,400,000","5,936,400,000","5,967,800,000","5,370,000,000","5,652,800,000","5,658,600,000","5,730,200,000","5,440,600,000","5,112,000,000","5,219,400,000","5,312,500,000","4,489,800,000","4,270,600,000","4,138,200,000","4,224,600,000","4,158,800,000","4,098,100,000","4,504,914,000","4,608,071,000","4,564,645,000","4,523,967,000","4,683,599,000","4,827,960,000","5,128,212,000","5,181,307,000","5,342,563,000","5,349,707,000","5,096,288,000","4,833,479,000","4,782,919,000","4,795,886,000","5,206,605,000","5,185,366,000","5,229,613,000","5,033,568,000","4,964,890,000","5,026,936,000","5,014,472,000","4,875,976,000","4,747,393,000","4,780,537,000","5,366,541,000","5,038,168,000","4,973,585,000","4,853,249,000","4,903,449,000","4,364,577,000","3,670,322,000","3,709,505,000","3,731,811,000","4,247,480,000","4,207,215,000","4,088,903,000","3,923,065,000","3,814,392,000","3,921,261,000","3,832,597,000","3,759,441,000","3,570,354,000","3,653,569,000","3,699,559,000","3,665,802,000","3,843,422,000","3,635,577,000","3,635,431,000","3,555,051,000","3,354,204,000","3,549,457,000","2,632,103,000"
CapitalLeaseObligations,,,,,,,,,,,,,,,,,,,,,,,,,,,,,,,,,,,,,,,,,,,,,,,,,,,,,,,,,,,,,,,,,,,,,,"543,198,000",,,,,,,,,
NetTangibleAssets,"1,713,300,000","1,582,100,000","1,362,900,000","1,228,000,000","1,504,300,000","1,967,400,000","2,334,700,000","2,465,900,000","2,478,400,000","2,248,200,000","2,205,600,000","2,270,800,000","1,986,500,000","1,280,500,000","1,305,100,000","1,065,300,000","837,500,000","251,300,000","-367,600,000","-998,600,000","-1,019,200,000","3,566,700,000","3,352,900,000","2,889,300,000","3,319,100,000","3,264,300,000","3,267,144,000","3,665,233,000","3,773,898,000","3,724,879,000","3,690,455,000","3,842,416,000","3,985,758,000","4,299,648,000","4,340,068,000","4,525,745,000","4,544,827,000","4,310,835,000","4,048,918,000","4,110,686,000","4,156,910,000","4,567,984,000","4,544,652,000","4,588,679,000","4,394,051,000","4,324,792,000","4,012,993,000","4,375,454,000","4,235,338,000","4,125,981,000","4,078,550,000","4,440,346,000","4,113,742,000","4,048,751,000","3,926,851,000","3,894,360,000","3,355,183,000","2,665,295,000","2,707,606,000","2,891,321,000","3,418,737,000","3,378,176,000","3,256,247,000","3,121,356,000","3,023,197,000","3,130,716,000","3,042,078,000","2,954,255,000","2,765,100,000","2,848,680,000","2,894,695,000","2,847,974,000","3,022,921,000","2,814,960,000","2,812,377,000","2,723,705,000","2,520,415,000","2,721,012,000","1,803,580,000"
InvestedCapital,"6,615,400,000","6,525,200,000","6,358,600,000","6,228,200,000","6,588,500,000","7,224,100,000","7,692,200,000","7,946,300,000","8,458,900,000","8,025,900,000","8,204,300,000","7,945,000,000","8,175,800,000","7,577,500,000","7,659,700,000","7,664,900,000","7,737,500,000","7,447,200,000","7,118,000,000","7,224,800,000","7,317,300,000","6,494,200,000","5,338,800,000","5,206,100,000","5,361,200,000","5,226,100,000","5,165,120,000","5,670,471,000","5,773,326,000","5,979,349,000","5,695,349,000","5,854,904,000","5,999,189,000","6,299,365,000","6,352,386,000","6,513,568,000","6,520,639,000","6,267,147,000","6,471,597,000","6,421,307,000","6,442,776,000","6,877,128,000","6,157,765,000","6,201,981,000","6,005,905,000","5,937,198,000","5,999,214,000","5,986,721,000","5,848,196,000","5,719,585,000","5,752,701,000","6,338,678,000","6,010,278,000","5,945,669,000","5,825,307,000","5,875,481,000","5,336,584,000","4,642,304,000","4,681,462,000","4,703,744,000","5,219,389,000","5,700,448,000","5,602,416,000","4,894,896,000","4,786,210,000","4,893,057,000","4,804,371,000","4,731,194,000","4,542,085,000","4,082,082,000","4,671,249,000","4,637,472,000","4,815,072,000","4,607,208,000","5,142,373,000","4,526,644,000","4,325,818,000","4,521,033,000","4,382,103,000"
TangibleBookValue,"1,713,300,000","1,582,100,000","1,362,900,000","1,228,000,000","1,504,300,000","1,967,400,000","2,334,700,000","2,465,900,000","2,478,400,000","2,248,200,000","2,205,600,000","2,270,800,000","1,986,500,000","1,280,500,000","1,305,100,000","1,065,300,000","837,500,000","251,300,000","-367,600,000","-998,600,000","-1,019,200,000","3,566,700,000","3,352,900,000","2,889,300,000","3,319,100,000","3,264,300,000","3,267,144,000","3,665,233,000","3,773,898,000","3,724,879,000","3,690,455,000","3,842,416,000","3,985,758,000","4,299,648,000","4,340,068,000","4,525,745,000","4,544,827,000","4,310,835,000","4,048,918,000","4,110,686,000","4,156,910,000","4,567,984,000","4,544,652,000","4,588,679,000","4,394,051,000","4,324,792,000","4,012,993,000","4,375,454,000","4,235,338,000","4,125,981,000","4,078,550,000","4,440,346,000","4,113,742,000","4,048,751,000","3,926,851,000","3,894,360,000","3,355,183,000","2,665,295,000","2,707,606,000","2,891,321,000","3,418,737,000","3,378,176,000","3,256,247,000","3,121,356,000","3,023,197,000","3,130,716,000","3,042,078,000","2,954,255,000","2,765,100,000","2,848,680,000","2,894,695,000","2,847,974,000","3,022,921,000","2,814,960,000","2,812,377,000","2,723,705,000","2,520,415,000","2,721,012,000","1,803,580,000"
TotalDebt,"2,129,400,000","2,128,800,000","2,129,900,000","2,129,300,000","2,128,800,000","2,203,000,000","2,202,500,000","2,201,900,000","2,550,500,000","2,203,700,000","2,252,900,000","2,008,600,000","2,208,000,000","2,207,500,000","2,006,900,000","2,006,300,000","2,007,300,000","2,006,600,000","2,006,000,000","2,005,400,000","2,004,800,000","2,004,400,000","1,068,200,000","1,067,900,000","1,136,600,000","1,067,300,000","1,067,020,000","1,165,557,000","1,165,255,000","1,414,704,000","1,171,382,000","1,171,305,000","1,171,229,000","1,171,153,000","1,171,079,000","1,171,005,000","1,170,932,000","1,170,859,000","1,638,118,000","1,638,388,000","1,646,890,000","1,670,523,000","972,399,000","972,368,000","972,337,000","972,308,000","972,278,000","972,249,000","972,220,000","972,192,000","972,164,000","972,137,000","972,110,000","972,084,000","972,058,000","972,032,000","972,007,000","971,982,000","971,957,000","971,933,000","971,909,000","1,493,233,000","1,513,513,000","971,831,000","971,818,000","971,796,000","971,774,000","971,753,000","971,731,000","971,711,000","971,690,000","971,670,000","971,650,000","971,631,000","1,506,942,000","971,593,000","971,614,000","971,576,000","1,750,000,000"
NetDebt,"2,129,400,000","2,128,800,000","2,129,900,000","2,129,300,000","2,128,800,000","2,203,000,000","2,202,500,000","2,201,900,000","2,550,500,000","2,203,700,000","2,252,900,000","2,008,600,000","2,208,000,000","2,207,500,000","2,006,900,000","2,006,300,000","2,007,300,000","2,006,600,000","2,006,000,000","2,005,400,000","2,004,800,000","2,004,400,000","1,068,200,000","75,100,000","1,136,600,000","1,067,300,000","1,067,020,000","1,165,557,000","1,165,255,000","1,414,704,000","1,171,382,000","1,171,305,000","1,171,229,000","1,171,153,000","1,171,079,000","1,171,005,000","1,170,932,000","1,170,859,000","1,638,118,000","1,638,388,000","1,646,890,000","1,670,523,000","972,399,000","972,368,000","972,337,000","972,308,000",,"972,249,000","972,220,000","972,192,000",,"972,137,000","972,110,000","972,084,000",,"972,032,000","972,007,000","307,643,000",,"971,933,000","15,306,000","472,639,000","708,549,000","156,684,000",,"211,961,000",,"324,616,000","308,230,000",,"116,121,000","330,402,000","470,880,000","496,597,000","699,860,000","279,220,000","362,744,000","397,715,000","791,803,000"
ShareIssued,"55,304,730","55,430,045","55,126,470","55,187,797","55,557,497","56,832,160","58,050,202","59,850,255","61,753,975","62,947,351","62,967,808","162,051,167","161,968,591","161,850,503","161,607,866","161,571,665","161,467,702","161,448,903","161,153,454","161,134,668","161,069,104","150,544,984","150,392,604","150,373,388","150,315,862","150,154,532","149,983,063","149,964,898","149,875,599","149,588,738","149,373,417","149,344,761","149,225,029","148,902,309","148,637,701","148,612,865","148,531,646","148,224,172","147,867,860","147,825,026","147,663,923","147,372,995","146,996,667","146,937,498","146,799,453","146,359,550","145,957,552","145,885,316","145,745,660","145,697,727","145,345,009","145,323,979","145,162,322","145,130,713","144,768,707","144,753,307","144,558,088","144,558,088","144,360,228","144,360,228","118,267,434","117,922,870","117,808,007","117,909,170","119,124,577","121,012,037","122,618,317","124,302,731","127,278,688","129,329,491","130,591,834","132,572,352","136,347,600","139,135,069","139,766,177","140,821,350","142,176,550","142,208,676","142,268,106"
OrdinarySharesNumber,"53,008,641","53,133,956","52,830,381","52,891,708","53,261,408","54,536,071","55,754,113","57,554,166","59,457,886","60,651,262","57,967,808","59,076,751","59,571,651","59,707,563","59,945,893","60,758,742","61,207,965","61,678,749","61,908,979","62,376,266","63,094,312","52,570,192","52,417,812","53,796,348","54,064,643","55,029,813","55,941,480","58,010,506","60,612,310","62,643,447","65,850,386","66,746,690","66,998,201","68,270,067","69,299,559","70,809,613","71,300,394","71,869,920","71,828,208","73,319,550","75,085,172","78,440,357","78,664,029","79,456,860","82,392,454","86,508,372","88,524,374","92,926,138","94,994,982","97,931,049","102,000,371","106,474,301","107,549,644","113,584,251","116,648,714","116,633,314","117,560,145","117,560,145","117,362,285","117,362,285","118,267,434","117,922,870","117,808,007","117,909,170","119,124,577","121,012,037","122,618,317","124,302,731","127,278,688","129,329,491","130,591,834","132,572,352","136,347,600","139,135,069","139,766,177","140,821,350","142,176,550","142,208,676","142,268,106"
PreferredSharesNumber,,,,,,,,,,,"2,875,000","2,875,000","2,875,000","2,875,000","2,875,000","2,875,000","2,875,000","2,875,000","2,875,000","2,875,000","2,875,000","2,875,000",,,,,,,,,,,,,,,,,,,,,,,,,,,,,,,,,,,,,,,,,,,,,,,,,,,,,,,,,
TreasurySharesNumber,"2,296,089","2,296,089","2,296,089","2,296,089","2,296,089","2,296,089","2,296,089","2,296,089","2,296,089","2,296,089","5,000,000","102,974,416","102,396,940","102,142,940","101,661,973","100,812,923","100,259,737","99,770,154","99,244,475","98,758,402","97,974,792","97,974,792","97,974,792","96,577,040","96,251,219","95,124,719","94,041,583","91,954,392","89,263,289","86,945,291","83,523,031","82,598,071","82,226,828","80,632,242","79,338,142","77,803,252","77,231,252","76,354,252","76,039,652","74,505,476","72,578,751","68,932,638","68,332,638","67,480,638","64,406,999","59,851,178","57,433,178","52,959,178","50,750,678","47,766,678","43,344,638","38,849,678","37,612,678","31,546,462","28,119,993","28,119,993","26,997,943","26,997,943","26,997,943","26,997,943",,,,,,,,,,,,,,,,,,,