name,06/30/2023,03/31/2023,12/31/2022,09/30/2022,06/30/2022,03/31/2022,12/31/2021,09/30/2021,06/30/2021,03/31/2021,12/31/2020,09/30/2020,06/30/2020,03/31/2020,12/31/2019,09/30/2019,06/30/2019,12/31/2018,06/30/2018,06/30/2017,06/30/2016,06/30/2015,06/30/2014,06/30/2013,06/30/2012,06/30/2011,06/30/2010,06/30/2009,06/30/2008,06/30/2007,06/30/2006,06/30/2005,06/30/2004,06/30/2003,06/30/2002,06/30/2001,06/30/2000,06/30/1999,06/30/1998,06/30/1997
TotalAssets,"17,003,000,000","17,278,000,000","17,475,000,000","17,292,000,000","17,426,000,000","17,987,000,000","17,138,000,000","17,044,000,000","17,188,000,000","16,592,000,000","16,718,000,000","16,465,000,000","16,442,000,000","16,421,000,000","16,832,600,000","16,730,700,000","17,165,000,000","8,850,396,826.225","8,991,520,566.84","9,074,449,290.331","8,730,986,469.593","8,535,977,280.165","9,129,964,034.873","11,335,590,498.006","11,599,770,759.564","11,675,501,784.836","9,612,204,138.869","6,816,347,612.745","7,720,840,787.976","7,754,283,290.925","7,535,878,066.517","7,547,884,832.403","7,191,727,667.429","6,443,077,379.188","4,978,043,013.174","3,585,217,617.611","2,958,803,510.657","4,241,064,872.298","4,457,453,610.871","5,291,041,176.825"
	CurrentAssets,"4,777,000,000","5,018,000,000","5,318,000,000","5,136,000,000","5,149,000,000","5,587,000,000","4,788,000,000","4,684,000,000","4,705,000,000","4,341,000,000","4,279,000,000","4,214,000,000","4,191,000,000","4,502,200,000","4,687,600,000","4,562,200,000","5,210,100,000","3,211,412,596.688","3,265,758,594.683","3,283,297,655.332","3,211,079,450.37","3,408,558,511.917","3,325,079,556.367","3,830,639,641.531","3,815,318,173.445","3,911,997,947.973","3,013,385,458.718","1,870,662,104.142","2,505,046,832.694","2,879,134,860.051","2,372,256,274.024","2,544,301,094.946","2,133,803,161.552","1,988,046,788.669","2,584,787,749.127","1,369,340,130.535","1,044,241,447.251","1,319,408,285.604","1,408,901,001.347","1,626,951,829.746"
		CashCashEquivalentsAndShortTermInvestments,"689,000,000","564,000,000","837,000,000","562,000,000","775,000,000","1,077,000,000","626,000,000","633,000,000","850,000,000","690,000,000","755,000,000","757,000,000","743,000,000","537,800,000","673,800,000","480,200,000","601,600,000","497,111,260.616","617,013,493.085","560,952,877.976","518,603,762.036","703,982,682.406","509,443,199.578","360,385,847.395","365,965,982.357","239,830,707.736","227,000,382.442","152,209,703.974","230,767,022.895","97,285,835.454","84,519,374.898","160,734,437.429","91,588,536.751","95,342,694.661","1,298,896,520.662","164,622,913.509","117,917,487.611","125,899,520.701","164,014,824.656","132,558,630.253"
			CashAndCashEquivalents,"689,000,000","564,000,000","837,000,000","562,000,000","775,000,000","1,077,000,000","626,000,000","633,000,000","850,000,000","690,000,000","755,000,000","757,000,000","743,000,000","537,800,000","673,800,000","480,200,000","601,600,000","489,626,148.28","617,013,493.085","560,952,877.976","518,603,762.036","703,982,682.406","509,443,199.578","360,385,847.395","365,965,982.357","239,830,707.736","227,000,382.442","152,209,703.974","230,767,022.895","97,285,835.454","84,519,374.898","160,734,437.429","91,588,536.751","95,342,694.661","1,298,896,520.662","164,622,913.509","117,917,487.611","125,899,520.701","164,014,824.656","132,558,630.253"
				CashFinancial,,,,,,,,,,,,,,,,,,"489,626,148.28","520,108,184.49","447,363,666.532","518,603,762.036","703,982,682.406","389,873,274.71","243,664,272.612","274,065,128.845","193,232,584.486","207,538,350.402","107,176,292.088","205,508,940.787","66,412,213.74","60,254,374.379","151,584,469.454","89,211,429.69","78,834,595.585","1,283,357,729.985","127,575,103.463","79,527,135.948","97,261,718.802","126,518,627.043","91,261,228.673"
				CashEquivalents,,,,,,,,,,,,,,,,,,,"96,905,308.595","113,589,211.444",,,"119,569,924.869","116,721,574.783","91,900,853.511","46,598,123.25","19,462,032.04","45,033,411.886","25,258,082.108","30,873,621.713","24,265,000.519","9,149,967.975","2,377,107.061","16,508,099.076","15,538,790.677","37,047,810.046","38,390,351.663","28,637,801.899","37,496,197.612","41,297,401.58"
			OtherShortTermInvestments,,,,,,,,,,,,,,,,,,"7,485,112.336",,,,,,,,,,,,,,,,,,,,,,
		Receivables,"1,875,000,000","2,034,000,000","1,972,000,000","1,984,000,000","1,935,000,000","2,090,000,000","1,889,000,000","1,938,000,000","1,864,000,000","1,775,000,000","1,681,000,000","1,673,000,000","1,616,000,000","1,730,500,000","1,669,100,000","1,789,500,000","1,864,300,000","1,312,988,505.253","1,198,345,954.595","1,326,706,005.258","1,346,841,222.599","1,383,896,727.209","1,395,861,185.908","1,669,602,197.541","1,621,876,087.357","1,859,542,996.388","1,457,272,765.903","880,814,798.076","1,132,404,014.504","1,711,874,469.89","1,207,833,068.669","1,181,032,116.388","995,798,113.696","942,848,287.2","711,518,973.089","663,543,628.134","485,939,459.072","604,731,579.018","644,574,536.109","765,509,133.659"
			AccountsReceivable,"1,875,000,000","2,034,000,000","1,972,000,000","1,984,000,000","1,935,000,000","2,090,000,000","1,889,000,000","1,938,000,000","1,864,000,000","1,775,000,000","1,681,000,000","1,673,000,000","1,616,000,000","1,730,500,000","1,669,100,000","1,789,500,000","1,864,300,000","1,312,988,505.253","1,028,587,731.949","1,114,912,576.708","1,186,945,938.202","1,191,547,366.12","1,222,626,019.169","1,467,187,457.222","1,463,454,571.505","1,488,468,033.26","1,283,559,257.213","756,851,857.83","948,995,895.562","944,274,809.16","1,013,787,269.408","1,000,472,748.345","861,211,905.111","743,605,638.358","607,420,335.548","544,745,691.789","420,502,716.58","493,184,336.658","552,758,515.796","640,411,165.37"
				GrossAccountsReceivable,"1,896,000,000","2,056,000,000","1,995,000,000","2,007,000,000","1,960,000,000","2,116,000,000","1,913,000,000","1,964,000,000","1,892,000,000","1,804,000,000","1,713,000,000","1,706,000,000","1,651,200,000",,,,,"1,312,988,505.253","1,045,384,652.105","1,135,792,211.881","1,202,533,214.354","1,206,228,236.359","1,239,572,937.654","1,488,177,263.477","1,488,220,725.792","1,516,042,152.064","1,313,984,617.346","774,606,966.459","978,080,959.807","970,653,095.844","1,047,402,086.642","1,038,368,865.709","897,288,000.503","783,898,876.102","631,516,721.09","565,668,008.757","438,712,758.971","515,880,962.871","572,624,050.955","663,094,592.15"
				AllowanceForDoubtfulAccountsReceivable,"-21,000,000","-22,000,000","-23,000,000","-23,000,000","-25,000,000","-26,000,000","-24,000,000","-26,000,000","-28,000,000","-29,000,000","-32,000,000","-33,000,000","-35,300,000",,,,,,"-16,796,920.156","-20,879,635.173","-15,587,276.152","-14,680,870.239","-16,946,918.485","-20,989,806.255","-24,766,154.287","-27,574,118.804","-30,425,360.133","-17,755,108.629","-29,085,064.245","-26,378,286.684","-33,614,817.233","-37,896,117.364","-36,076,095.392","-40,293,237.744","-24,096,385.542","-20,922,316.968","-18,210,042.391","-22,696,626.213","-19,865,535.159","-22,683,426.78"
			LoansReceivable,,,,,,,,,,,,,,,,,,,,,,,,,,"223,051,108.309","5,779,118.684","9,200,374.471","13,107,413.821",,"16,621,896.38","74,419,739.531","12,374,939.698","10,848,179.393","844,499.493","4,745,793.849","3,164,368.022","7,610,045.26","434,558.582","226,080.666"
			OtherReceivables,,,,,,,,,,,,,,,,,,,"169,758,222.647","211,793,428.55","159,895,284.397","192,349,361.089","173,235,166.739","202,414,740.32","158,421,515.852","148,023,854.819","167,934,390.006","114,762,565.775","170,300,705.121","767,599,660.729","177,423,902.881","106,139,628.511","122,211,268.886","188,394,469.45","103,254,138.048","114,052,142.496","62,272,374.47","103,937,197.1","91,381,461.731","124,871,887.623"
		Inventory,"2,213,000,000","2,420,000,000","2,509,000,000","2,590,000,000","2,439,000,000","2,420,000,000","2,273,000,000","2,113,000,000","1,991,000,000","1,876,000,000","1,843,000,000","1,784,000,000","1,832,000,000","1,819,800,000","1,891,800,000","1,874,400,000","1,953,800,000","1,384,246,774.693","1,350,512,136.605","1,304,227,929.115","1,251,406,867.32","1,212,320,298.159","1,328,450,110.155","1,656,004,453.489","1,702,519,598.011","1,692,602,013.552","1,248,459,609.909","790,586,564.225","1,069,545,832.895","1,008,566,581.849","1,024,250,159.541","1,098,072,406.747","957,554,655.984","865,159,151.551","532,034,680.779","514,484,877.247","408,919,935.519","588,777,185.885","600,311,640.583","728,884,065.835"
			RawMaterials,"992,000,000","1,118,000,000","1,205,000,000","1,216,000,000","1,161,000,000","1,154,000,000","1,088,000,000","994,000,000","905,000,000","818,000,000","825,000,000","807,000,000","808,600,000","838,800,000","850,400,000","865,800,000","864,600,000",,"608,167,777.737","614,001,137.674","602,473,364.04","532,705,862.952","580,714,406.764","714,018,452.777","772,049,041.079","742,898,061.262","532,443,802.32","317,493,624.302","437,615,407.43","354,368,108.567","368,278,891.676","468,478,360.326","387,468,450.895","335,956,661.186","217,711,969.373","235,605,701.076","209,803,570.362","234,976,836.09","259,555,632.81","291,644,058.6"
			WorkInProcess,"1,221,000,000","1,302,000,000","1,304,000,000","1,374,000,000","1,389,000,000","1,396,000,000","1,306,000,000","1,237,000,000","1,193,000,000","1,161,000,000","1,135,000,000","1,087,000,000","1,127,600,000","1,080,600,000","1,137,600,000","1,107,000,000","348,900,000",,"192,916,106.649","168,635,522.355","146,922,648.116","166,183,456.309","198,937,993.108","196,026,538.416","192,807,581.309","201,248,316.696","160,710,491.65","75,136,391.516","99,405,861.023","72,349,448.685","102,773,778.958","108,350,870.772","100,537,645.685","102,080,694.283","101,002,139.399","87,822,701.224","62,272,374.47","51,401,182.895","53,823,184.321","49,436,305.54"
			FinishedGoods,,,,,,,,,,,,,,,,,"832,000,000",,"549,428,252.219","521,591,269.085","502,010,855.164","513,430,978.897","548,797,710.283","745,959,462.296","737,662,975.623","748,455,635.594","555,305,315.939","397,956,548.407","532,524,564.442","470,992,366.412","553,197,488.906","575,075,487.236","520,097,041.9","475,702,773.361","245,805,652.517","218,357,547.088","163,233,625.888","302,399,166.9","286,932,823.451","387,803,701.694"
			OtherInventories,,,,,,,,,,,,,,,,,,"1,384,246,774.693","742,344,358.868","690,226,791.44","648,933,503.28","679,614,435.206","747,735,703.391","941,986,000.712","930,470,556.931","949,703,952.29","716,015,807.589","473,092,939.923","631,930,425.465","110,856,658.185","655,971,267.865","10,141,214.506","620,634,687.585","577,783,467.644","346,807,791.915","306,180,248.312","225,506,000.358","353,800,349.795","340,756,007.772","437,240,007.235"
			InventoriesAdjustmentsAllowances,,,,,"-111,000,000","-130,000,000","-121,000,000","-118,000,000","-107,000,000","-103,000,000","-117,000,000","-110,000,000","-104,300,000","-99,600,000","-96,200,000","-98,400,000","-91,700,000",,,,,,,,,,,,,,,"-63,973,526.093","-50,548,482.497","-48,580,977.279","-32,485,080.509","-27,301,072.141","-26,389,635.202",,,
		PrepaidAssets,,,,"549,000,000","512,000,000","583,000,000","603,000,000","595,000,000","561,000,000","429,000,000","434,000,000","398,000,000","344,300,000","414,100,000","452,900,000","418,100,000","374,300,000",,"77,325,466.756","77,124,776.812","72,707,101.018","82,692,248.692","74,001,544.053","88,704,746.434","88,011,953.251","89,455,571.468","61,275,655.463","40,029,699.454","49,559,418.681","58,524,173.028","47,639,542.304","89,974,685.089","88,861,855.122","70,883,756.031","32,259,880.644","26,688,711.645","31,464,565.049",,,
		RestrictedCash,,,,,,,,,,,,,,,,,,,,,,,,,,,,,"16,360,348.638",,,,,"13,812,899.226","10,077,693.953",,,,,
		AssetsHeldForSaleCurrent,"0","0","0","164,000,000","192,000,000",,,,,,,,"0","0","0","0","416,100,000",,,,,,,,,,,,,,,,,,,,,,,
		HedgingAssetsCurrent,,,,,,,,,,,,,,,,,,,"8,746,325.289","8,691,522.775","12,469,820.922","12,184,123.6","8,379,309.696","33,583,690.008","12,280,737.663","6,626,338.627","19,377,045.001","7,021,338.412","6,410,195.08","2,883,799.83","8,014,128.612",,,,,,,,,
		OtherCurrentAssets,"531,000,000","570,000,000","545,000,000",,,,,,,,,,,,,,,"17,066,056.126","13,815,218.354","5,594,543.396","9,050,676.475","13,482,431.852","8,944,206.978","22,358,706.663","24,663,814.806","23,940,320.202",,,,,,"14,487,449.294",,,,,,,,
	TotalNonCurrentAssets,"12,226,000,000","12,260,000,000","12,157,000,000","12,156,000,000","12,277,000,000","12,400,000,000","12,350,000,000","12,360,000,000","12,483,000,000","12,251,000,000","12,439,000,000","12,252,000,000","12,252,000,000","11,918,800,000","12,145,000,000","12,168,500,000","11,954,900,000","5,638,984,229.537","5,725,761,972.156","5,791,151,635","5,519,907,019.223","5,127,418,768.248","5,804,884,478.506","7,504,950,856.475","7,784,452,586.119","7,763,503,836.864","6,598,818,680.151","4,945,685,508.603","5,215,793,955.282","4,875,148,430.874","5,163,621,792.493","5,003,583,737.457","5,057,924,505.876","4,455,030,590.518","2,393,255,264.047","2,215,877,487.077","1,914,562,063.407","2,921,656,586.694","3,048,552,609.524","3,664,089,347.079"
		NetPPE,"3,762,000,000","3,741,000,000","3,687,000,000","3,589,000,000","3,646,000,000","3,772,000,000","3,695,000,000","3,701,000,000","3,761,000,000","3,681,000,000","3,767,000,000","3,649,000,000","3,615,000,000","4,158,800,000","4,310,800,000","4,438,800,000","3,975,000,000","2,618,691,501.165","2,681,841,991.611","2,762,605,509.292","2,706,051,703.047","2,563,359,839.595","2,918,824,260.455","4,456,227,127.956","4,776,797,592.975","4,806,553,662.655","4,079,887,817.108","3,063,482,583.853","3,467,628,514.844","3,253,095,843.936","3,188,435,909.233","3,355,064,507.274","3,317,462,647.957","2,894,375,117.915","1,791,915,324.851","1,706,138,403.678","1,457,221,326.646","2,338,420,047.796","2,371,882,818.174","2,860,975,462.712"
			GrossPPE,"8,303,000,000","4,275,000,000","4,230,000,000","4,125,000,000","7,881,000,000","4,311,000,000","4,236,000,000","4,221,000,000","8,045,000,000","4,198,000,000","4,286,000,000","4,153,000,000","7,410,900,000","4,158,800,000","4,310,800,000","4,438,800,000","7,104,200,000","2,618,691,501.165","5,665,034,645.437","5,705,235,432.852","5,511,459,721.179","5,220,996,832.288","5,738,038,300.036","8,696,624,291.594","9,272,059,275.027","9,109,398,713.208","7,582,968,597.289","6,270,055,202.247","6,957,070,827.872","6,381,764,206.955","6,305,264,095.22","6,453,091,164.181","5,976,256,895.358","5,009,635,339.46","3,204,143,677.514","2,697,958,288.044","2,390,709,893.128","3,639,804,541.995","3,635,144,595.022","4,345,873,274.251"
				Properties,"0",,,,"0",,,,"0",,,,"0",,,,"0",,"982,371,354.004","1,051,774,158.385","972,444,905.737","954,456,305.256","1,092,134,746.832","1,556,165,983.737","1,523,630,186.053","1,632,858,089.477","1,394,467,343.73","874,519,805.017","1,003,243,367.362","909,754,028.838","872,426,945.281","757,083,600.207","717,676,587.593","631,485,324.637","437,394,437.563","485,142,603.451","428,264,373.992","628,696,546.108","679,835,880.881","811,855,670.103"
				LandAndImprovements,"203,000,000",,,,"201,000,000",,,,"221,000,000",,,,"197,400,000",,,,"184,300,000",,,,,,,,,,,,,,,,,,,,,,,
				BuildingsAndImprovements,"1,483,000,000",,,,"1,323,000,000",,,,"1,355,000,000",,,,"1,253,400,000",,,,"1,305,000,000",,,,,,,,,,,,,,,,,,,,,,,
				MachineryFurnitureEquipment,"6,084,000,000",,,,"5,797,000,000",,,,"5,937,000,000",,,,"5,434,800,000",,,,"5,614,900,000","2,618,691,501.165","4,667,158,442.058","4,636,677,644.28","4,523,528,102.363","4,251,460,177.331","4,619,259,231.363","7,105,231,937.359","7,123,851,239.331","7,075,112,754.633","6,022,351,591.382","5,269,635,536.043","5,904,555,065.489","5,379,050,042.409","5,326,278,921.358","5,599,475,401.836","5,153,428,277.786","4,265,019,001.159","2,715,459,970.724","2,168,419,548.588","1,955,460,027.464","2,867,117,929","2,803,647,769.162","3,353,379,152.348"
				OtherProperties,"533,000,000","4,275,000,000","4,230,000,000","4,125,000,000","560,000,000","4,311,000,000","4,236,000,000","4,221,000,000","532,000,000","4,198,000,000","4,286,000,000","4,153,000,000","525,300,000","4,158,800,000","4,310,800,000","4,438,800,000",,"2,618,691,501.165","15,504,849.375","16,783,630.187","15,486,713.08","15,080,349.701","18,170,862.598","16,883,105.031","15,964,958.962","19,451,510.164","17,337,356.053","4,196,662.04","4,688,053.119","84,987,277.354","96,911,592.289","96,532,162.137","105,152,029.98","113,131,013.665","51,289,269.226","44,396,136.005","6,985,491.671","143,990,066.888","151,660,944.979","180,638,451.8"
				ConstructionInProgress,,,,,,,,,,,,,,,,,,,,,,,,,"608,612,890.681","381,976,358.934","148,812,306.123","121,703,199.148","44,584,341.903","7,972,858.355","9,646,636.292",,,,,,,,,
				Leases,,,,,,,,,,,,,,,,,,,,,,,"8,473,459.243","18,343,265.466",,,,,,,,,,,,,,,,
			AccumulatedDepreciation,"-4,008,000,000",,,,"-3,675,000,000",,,,"-3,752,000,000",,,,"-3,270,800,000",,,,"-3,129,200,000",,"-2,983,192,653.826","-2,942,629,923.56","-2,805,408,018.132","-2,657,636,992.693","-2,819,214,039.58","-4,240,397,163.638","-4,495,261,682.052","-4,302,845,050.553","-3,503,080,780.181","-3,206,572,618.394","-3,489,442,313.028","-3,128,668,363.02","-3,116,828,185.987","-3,098,026,656.907","-2,658,794,247.401","-2,115,260,221.545","-1,412,228,352.663","-991,819,884.366","-933,488,566.482","-1,301,384,494.199","-1,263,261,776.848","-1,484,897,811.539"
		GoodwillAndOtherIntangibleAssets,"6,890,000,000","6,886,000,000","6,858,000,000","6,846,000,000","6,942,000,000","7,088,000,000","7,119,000,000","7,177,000,000","7,254,000,000","7,267,000,000","7,357,000,000","7,333,000,000","7,334,000,000","7,264,300,000","7,340,400,000","7,240,300,000","7,462,800,000","2,356,712,569.401","2,373,235,855.008","2,406,952,393.425","2,113,936,335.418","1,842,898,629.37","1,995,405,502.1","2,099,619,445.687","2,046,277,913.093","2,010,880,020.52","1,559,937,109.591","1,209,849,242.987","1,252,571,253.624","1,237,234,944.869","1,401,285,228.774","1,347,256,534.602","1,442,134,921.8","1,318,559,146.161","404,121,157.527","322,407,801.473","255,776,464.267","271,758,721.512","317,165,684.771","370,470,850.666"
			Goodwill,"5,366,000,000","5,338,000,000","5,281,000,000","5,237,000,000","5,285,000,000","5,379,000,000","5,370,000,000","5,385,000,000","5,419,000,000","5,393,000,000","5,437,000,000","5,382,000,000","5,339,300,000","5,226,800,000","5,246,300,000","5,117,300,000","5,156,000,000",,"2,024,376,744.066","2,031,318,765.43","1,800,380,677.084","1,553,975,108.275","1,690,172,670.269","1,755,477,883.132","1,683,279,775.672","1,637,453,775.944","1,303,786,172.609","1,111,954,030.41","1,144,841,706.451","1,127,056,827.82","1,293,836,541.458","1,347,256,534.602","1,442,134,921.8","1,318,559,146.161","404,121,157.527","322,407,801.473","255,776,464.267","271,758,721.512","317,165,684.771","370,470,850.666"
			OtherIntangibleAssets,"1,524,000,000","1,548,000,000","1,577,000,000","1,609,000,000","1,657,000,000","1,709,000,000","1,749,000,000","1,792,000,000","1,835,000,000","1,874,000,000","1,920,000,000","1,951,000,000","1,994,300,000","2,037,500,000","2,094,100,000","2,123,000,000","2,306,800,000","2,356,712,569.401","348,859,110.942","375,633,627.995","313,555,658.334","288,923,521.095","305,232,831.83","344,141,562.554","362,998,137.421","373,426,244.576","256,150,936.982","97,895,212.577","107,729,547.172","110,178,117.048","107,448,687.315",,,,,,,,,
		InvestmentsAndAdvances,,,,,,,,,"0","0","0","0","77,700,000","108,600,000","96,800,000","103,100,000","98,900,000","459,386,294.442","435,825,413.528","411,498,647.263","449,014,116.248","457,603,724.043","487,882,953.283","461,228,177.446","507,910,841.845","478,699,527.606","399,354,098.5","417,164,347.742","305,010,476.364","250,296,861.747","213,264,866.951","36,904,870.833","9,019,023.848","14,486,699.189","7,206,395.676","86,291,799.983","108,006,448.146","133,576,320.743","173,202,634.667","243,262,796.166"
			LongTermEquityInvestment,,,,,,,,,"0","0","0","0","77,700,000","108,600,000","96,800,000","103,100,000","98,900,000","437,829,170.914","435,825,413.528","411,498,647.263","449,014,116.248","457,603,724.043","486,564,859.623","455,843,835.841","501,361,115.091","472,607,571.126","394,509,837.25","410,788,649.643","297,452,186.642","236,895,674.3","210,074,056.485","31,033,641.382",,,,"81,086,735.761","102,632,993.015","131,039,638.99","171,526,480.138","242,885,995.056"
				InvestmentsinAssociatesatCost,,,,,,,,,"0","0","0","0","77,700,000","108,600,000","96,800,000","103,100,000","98,900,000","437,829,170.914","435,825,413.528","411,498,647.263","449,014,116.248","457,603,724.043","486,564,859.623","455,843,835.841","501,361,115.091","472,607,571.126","394,509,837.25","410,788,649.643","297,452,186.642","236,895,674.3","210,074,056.485","31,033,641.382",,,,"81,086,735.761","102,632,993.015","131,039,638.99","171,526,480.138","242,885,995.056"
			InvestmentinFinancialAssets,,,,,,,,,,,,,,,,,,,,,,,"941,495.471","5,110,561.523","5,935,689.87","6,091,956.48","4,844,261.25","6,375,698.099","7,558,289.722","13,401,187.447","3,190,810.466","5,871,229.451","9,019,023.848","14,486,699.189","7,206,395.676","5,205,064.221","5,373,455.132","2,536,681.753","1,676,154.529","376,801.109"
				TradingSecurities,,,,,,,,,,,,,,,,,,,,,,,,"4,197,961.251","4,912,295.065","4,916,315.756","3,824,416.776","6,214,288.02","7,366,940.615","13,231,552.163","2,968,195.782","4,346,234.788","3,146,171.11","11,454,599.359",,,,,,
				AvailableForSaleSecurities,,,,,,,,,,,,,,,,,,,,,,,"941,495.471","912,600.272","1,023,394.805","1,175,640.724","1,019,844.474","161,410.078","191,349.107","169,635.284","222,614.684","1,524,994.663","5,872,852.738","3,032,099.83","7,206,395.676","5,205,064.221","5,373,455.132","2,536,681.753","1,676,154.529","376,801.109"
			OtherInvestments,,,,,,,,,,,,,,,,,,"21,557,123.528",,,,,"376,598.189","273,780.082","614,036.883",,,,,,,,,,,,,,,"0"
		FinancialAssets,,,,,,,,,,,,,,,,,,,"22,163,983.402","26,773,886.251","44,549,440.873","25,666,555.452","51,876,400.475","365,040.109","614,036.883","1,603,146.442","1,274,805.592","484,230.235","765,396.428","1,526,717.557","1,558,302.786",,,,,,,,,
		NonCurrentAccountsReceivable,,,,,,,,,,,,,,,,,,,,,,,"91,607,509.368","83,502,924.884",,,,,,"21,543,681.086","9,424,021.608","20,282,429.011",,,,,,,,
		NonCurrentNoteReceivables,,,,,,,,,,,,,,,,,,,,,,,"9,038,356.526","16,700,584.977","34,897,762.859","41,681,807.494","23,881,358.093","27,278,303.257","20,378,679.883",,,"34,312,379.907","57,190,399.284","41,169,177.695","22,182,186.691","14,084,291.422","15,045,674.369","65,953,725.584","64,066,350.887","101,811,659.734"
		NonCurrentDeferredAssets,"134,000,000","136,000,000","129,000,000","129,000,000","130,000,000","139,000,000","125,000,000","136,000,000","139,000,000","140,000,000","143,000,000","145,000,000","135,400,000","176,700,000","159,400,000","156,700,000","190,900,000","64,371,966.091","65,100,489.364","66,635,007.945","47,767,459.175","77,798,625.279","95,091,042.612","162,169,068.326","146,959,494.034","141,931,898.339","351,421,408.235","131,468,508.894","84,384,956.133","48,091,603.053","289,918,523.026","134,352,029.768","166,956,813.558","134,355,712.476","128,589,122.847","62,256,650.49","57,376,559.795","96,727,680.538","100,134,713.16","55,465,123.289"
			NonCurrentDeferredTaxesAssets,"134,000,000","136,000,000","129,000,000","129,000,000","130,000,000","139,000,000","125,000,000","136,000,000","139,000,000","140,000,000","143,000,000","145,000,000","135,400,000","176,700,000","159,400,000","156,700,000","190,900,000","64,371,966.091","65,100,489.364","66,635,007.945","47,767,459.175","77,798,625.279","95,091,042.612","162,169,068.326","146,959,494.034","141,931,898.339","351,421,408.235","131,468,508.894","84,384,956.133","48,091,603.053","289,918,523.026","134,352,029.768","166,956,813.558","134,355,712.476","128,589,122.847","62,256,650.49","57,376,559.795","96,727,680.538","100,134,713.16","55,465,123.289"
		DefinedPensionBenefit,"67,000,000","93,000,000","91,000,000","85,000,000","89,000,000","52,000,000","52,000,000","51,000,000","52,000,000","49,000,000","49,000,000","46,000,000","43,400,000","38,000,000","40,600,000","39,500,000","40,200,000","35,030,325.733","50,490,150.529","24,476,127.356","14,883,334.648","20,772,932.039","41,331,651.195","30,937,149.219","65,599,607.016","68,614,667.721","4,504,313.092","322,820.157","1,148,094.641",,,,,,,,,,,
		OtherNonCurrentAssets,"1,574,000,000","1,633,000,000","1,612,000,000","1,721,000,000","1,689,000,000","1,540,000,000","1,536,000,000","1,482,000,000","1,468,000,000","1,303,000,000","1,315,000,000","1,270,000,000","1,303,000,000","172,400,000","197,000,000","190,100,000","187,100,000","104,791,572.706","97,104,088.715","92,210,063.468","143,704,629.814","139,318,462.471","113,826,802.493","194,201,337.872","205,395,337.413","213,539,106.086","178,557,769.94","95,635,471.479","83,906,583.366","63,358,778.626","59,734,940.117","75,410,986.062","65,160,699.429","52,084,737.083","39,241,076.455","24,698,540.031","21,135,590.184","15,220,090.519","22,100,407.864","32,103,454.513"
TotalLiabilitiesNetMinorityInterest,"12,913,000,000","12,970,000,000","13,064,000,000","13,316,000,000","13,285,000,000","13,410,000,000","12,619,000,000","12,339,000,000","12,367,000,000","11,887,000,000","11,870,000,000","11,721,000,000","11,755,000,000","11,618,200,000","11,429,700,000","11,239,300,000","11,490,300,000","7,794,995,986.832","7,907,671,961.477","8,183,817,962.253","7,880,725,696.273","6,951,042,513.563","6,991,733,669.761","7,958,148,151.528","8,141,105,675.748","7,669,131,949.64","6,107,423,617.898","4,334,183,426.413","4,847,446,924.541","4,716,709,075.488","4,885,279,233.018","4,221,413,975.051","3,900,413,197.139","3,319,475,514.109","2,406,879,855.872","2,273,898,644.132","1,850,080,601.827","2,422,864,848.266","2,663,968,264.808","2,999,186,109.604"
	CurrentLiabilities,"6,260,000,000","6,166,000,000","6,224,000,000","6,437,000,000","6,945,000,000","6,233,000,000","6,071,000,000","5,815,000,000","6,181,000,000","5,390,000,000","5,438,000,000","5,360,000,000","5,727,000,000","3,651,900,000","3,767,400,000","3,839,600,000","4,541,800,000","4,184,177,795.889","4,668,152,342.659","4,008,490,342.995","3,665,725,098.646","3,669,618,340.518","3,294,575,103.094","4,289,951,358.406","4,296,416,071.392","3,580,894,769.468","3,582,118,726.894","2,382,654,872.97","2,623,396,255.298","2,986,938,083.121","2,655,867,381.012","2,359,090,493.183","2,081,157,231.649","2,038,716,545.832","1,198,513,680.892","1,064,945,933.671","827,691,205.445","1,008,464,506.482","1,100,240,248.816","1,376,605,172.726"
		PayablesAndAccruedExpenses,"6,167,000,000","5,957,000,000","6,162,000,000","6,361,000,000","6,795,000,000","6,161,000,000","5,950,000,000","5,747,000,000","6,078,000,000","5,283,000,000","5,385,000,000","5,122,000,000","5,521,000,000","2,243,400,000","2,390,200,000","2,235,800,000","2,681,800,000","2,467,592,033.473","2,590,800,696.561","2,575,787,720.901","2,432,017,331.989","2,342,647,436.684","2,489,219,876.852","2,817,653,339.661","2,808,911,721.964","2,736,036,594.489","2,094,590,574.937","1,389,902,185.492","1,730,656,997.158","1,572,094,995.759","1,540,938,840.326","1,525,375,911.184","1,286,364,494.41","1,115,004,177.56","805,258,416.845","610,931,655.466","565,466,595.021","556,801,644.838","600,001,241.596","798,969,072.165"
			Payables,"2,690,000,000","2,528,000,000","2,785,000,000","2,839,000,000","3,073,000,000","2,816,000,000","2,743,000,000","2,412,000,000","2,574,000,000","1,986,000,000","2,093,000,000","1,808,000,000","2,171,000,000","1,861,300,000","2,075,800,000","1,891,900,000","2,303,400,000","2,467,592,033.473","2,590,800,696.561","2,575,787,720.901","2,432,017,331.989","2,342,647,436.684","2,489,219,876.852","2,817,653,339.661","2,808,911,721.964","2,736,036,594.489","2,094,590,574.937","1,389,902,185.492","1,730,656,997.158","1,572,094,995.759","1,540,938,840.326","1,525,375,911.184","1,286,364,494.41","1,115,004,177.56","805,258,416.845","610,931,655.466","565,466,595.021","556,801,644.838","600,001,241.596","798,969,072.165"
				AccountsPayable,"2,690,000,000","2,528,000,000","2,785,000,000","2,839,000,000","3,073,000,000","2,816,000,000","2,743,000,000","2,412,000,000","2,574,000,000","1,986,000,000","2,093,000,000","1,808,000,000","2,171,000,000","1,861,300,000","2,075,800,000","1,891,900,000","2,303,400,000","2,467,592,033.473","2,590,800,696.561","2,575,787,720.901","2,432,017,331.989","2,342,647,436.684","1,786,393,507.447","1,996,495,614.956","1,995,210,512.311","1,973,366,393.776","1,450,303,828.666","965,555,089.26","1,277,542,312.071","1,145,801,526.718","1,145,723,571.927","1,138,866,013.969","859,953,436.668","726,356,359.324","401,587,659.047","333,889,560.784","286,106,633.232","279,836,050.253","341,687,204.733","408,075,601.375"
				DividendsPayable,,,,,,,,,,,,,,,,,,,,,,,,,,,,,,,,"6,633,726.782","6,152,512.392","5,929,439.668","69,248,958.451","46,794,547.95","70,869,902.681","85,179,103.083","79,648,380.028","96,461,083.981"
				OtherPayable,,,,,,,,,,,,,,,,,,,,,,,"702,826,369.405","821,157,724.705","813,701,209.653","762,670,200.714","644,286,746.271","424,347,096.233","453,114,685.087","426,293,469.042","395,215,268.399","379,876,170.433","420,258,545.35","382,718,378.568","334,421,799.347","230,247,546.731","208,490,059.108","191,786,491.502","178,665,656.835","294,432,386.809"
			CurrentAccruedExpenses,"3,477,000,000","3,429,000,000","3,377,000,000","3,522,000,000","3,722,000,000","3,345,000,000","3,207,000,000","3,335,000,000","3,504,000,000","3,297,000,000","3,292,000,000","3,314,000,000","3,350,000,000","382,100,000","314,400,000","343,900,000","378,400,000",,,,,,,,,,,,,,,,,,,,,,,
		CurrentProvisions,,,,,,,,,,,,,,,,,,"84,531,868.649","52,974,902.032","170,733,476.128","180,309,588.003","61,519,837.191","82,757,451.937","161,073,948","174,591,153.775","191,843,190.903","138,188,926.189","77,718,952.771","114,331,091.36","102,883,799.83","114,646,562.087","109,265,867.569","120,043,906.566","97,431,474.544","71,106,857.336","94,303,516.48","35,823,034.211","57,275,603.797","107,087,650.466","66,618,436.125"
		PensionandOtherPostRetirementBenefitPlansCurrent,,,,,,,,,,,,,,,,,,,"38,165,783.077",,,"33,855,884.428","40,578,454.818","107,048,011.9","129,357,103.383","154,970,822.735","92,720,860.069","87,161,442.36","105,720,381.55","102,205,258.694","100,547,632.122","105,529,630.646","111,304,542.372","96,218,634.612","74,878,955.073","71,186,907.733","63,227,655.382","86,447,443.959","81,200,374.962","99,701,573.521"
		CurrentDebtAndCapitalLeaseObligation,"93,000,000","209,000,000","62,000,000","76,000,000","150,000,000","72,000,000","121,000,000","68,000,000","103,000,000","107,000,000","53,000,000","238,000,000","206,000,000","312,800,000","357,200,000","317,800,000","794,200,000","1,478,459,388.63","1,810,886,894.976","1,123,604,099.483","921,861,680.547","1,011,382,128.631","521,588,491.159","1,081,248,802.212","939,476,431.218","380,693,841.78","1,171,716,313.262","771,620,880.008","648,195,099.549","1,169,296,013.571","856,769,712.53","556,013,053.954","509,330,145.213","680,133,681.913","203,749,577.75","262,243,382.679","136,963,400.8","261,945,768.414","301,645,735.428","398,580,213.42"
			CurrentDebt,"93,000,000","209,000,000","62,000,000","76,000,000","150,000,000","72,000,000","121,000,000","68,000,000","103,000,000","107,000,000","53,000,000","238,000,000","206,000,000","312,800,000","357,200,000","317,800,000","794,200,000","1,478,459,388.63","1,808,600,923.594","1,120,107,509.861","918,140,846.885","1,011,382,128.631","520,082,098.405","1,078,876,041.505","937,020,283.685","379,090,695.338","1,168,911,740.96","769,764,664.106","647,716,726.782","1,130,703,986.429","851,649,574.806","554,564,309.025","507,792,017.115","586,138,587.176","196,937,281.838","255,609,477.299","135,530,479.432","257,539,952.738","294,754,877.92","387,502,260.807"
				CurrentNotesPayable,,,,,,,,,,,,,,,,,,,"1,683,568,227.991","1,031,294,133.455","867,356,495.551","892,037,639.274","418,306,437.946","645,390,912.326","461,244,038.725","244,319,517.774","510,602,133.175","90,793,169.125","238,899,359.937","382,018,659.881","501,031,448.034","234,620,428.828","130,251,483.944","73,039,915.91","65,195,360.883","32,302,016.197","95,647,501.343","176,633,155.766","213,119,944.377","220,428,648.942"
				CommercialPaper,,,,,,,,,,,,,,,,,"0",,,,,,,,,,,,,,,,,,,,,,,
				LineOfCredit,"80,000,000",,,,"136,000,000",,,,"98,000,000",,,,"195,200,000",,,,"636,100,000",,"94,917,507.393","80,321,658.752","28,258,223.217","118,445,660.567","100,645,865.893","432,481,268.879","473,013,078.986","122,373,511.746","624,909,701.271","668,479,839.881","402,885,544.532","739,440,203.562","341,565,129.636","311,480,159.819","370,339,297.075","513,098,671.266","131,741,920.955","223,307,461.102","39,882,978.088","80,906,796.972","81,510,773.949","166,470,730.09"
				OtherCurrentBorrowings,"13,000,000",,,,"14,000,000",,,,"5,000,000",,,,"11,100,000",,,,"158,100,000","1,478,459,388.63","30,115,188.21","8,491,717.654","22,526,128.116","898,828.79","1,129,794.566","1,003,860.299","2,763,165.974","12,397,665.819","33,399,906.514","10,491,655.099","5,931,822.313","9,245,122.986","9,052,997.136","8,463,720.377","7,201,236.096",,,,,,"124,159.595","602,881.775"
			CurrentCapitalLeaseObligation,,,,,,,,,,,,,,,,,,,"2,285,971.382","3,496,589.622","3,720,833.662",,"1,506,392.754","2,372,760.707","2,456,147.533","1,603,146.442","2,804,572.303","1,856,215.902","478,372.767","38,592,027.142","5,120,137.724","1,448,744.929","1,538,128.098","93,995,094.736","6,812,295.913","6,633,905.38","1,432,921.368","4,405,815.677","6,890,857.508","11,077,952.613"
		CurrentDeferredLiabilities,,,,,,,,,,,,,,,,,,"140,520,508.923","139,046,694.076","94,208,114.681","77,534,128.472","118,245,920.835","97,538,930.838","40,701,972.129","97,324,845.979","92,982,493.641","64,675,137.042","43,177,195.984","20,857,052.65","30,619,168.787","40,590,077.322","62,906,029.829","54,114,143.088","49,928,577.204","43,519,873.888","26,280,471.313","26,210,520.031","45,994,045.473","10,305,246.364","12,735,877.494"
			CurrentDeferredTaxesLiabilities,,,,,,,,,,,,,,,,,,"140,520,508.923","139,046,694.076","94,208,114.681","77,534,128.472","118,245,920.835","97,538,930.838","40,701,972.129","97,324,845.979","92,982,493.641","64,675,137.042","43,177,195.984","20,857,052.65","30,619,168.787","40,590,077.322","62,906,029.829","54,114,143.088","49,928,577.204","43,519,873.888","26,280,471.313","26,210,520.031","45,994,045.473","10,305,246.364","12,735,877.494"
		OtherCurrentLiabilities,"1,297,000,000","1,312,000,000","1,202,000,000","1,301,000,000","1,409,000,000","1,124,000,000","1,058,000,000","1,126,000,000","1,145,000,000","1,120,000,000","1,102,000,000","1,148,000,000","1,120,000,000","1,095,700,000","1,020,000,000","1,286,000,000","1,065,800,000","13,073,996.214","36,277,371.936","44,156,931.801","54,002,369.636","101,967,132.747","62,891,897.49","82,225,284.503","146,754,815.073","24,367,825.92","20,226,915.395","13,074,216.354","3,635,633.031","9,838,846.48","2,374,556.626",,,,,,,,,
	TotalNonCurrentLiabilitiesNetMinorityInterest,"6,653,000,000","6,804,000,000","6,840,000,000","6,879,000,000","6,340,000,000","7,177,000,000","6,548,000,000","6,524,000,000","6,186,000,000","6,497,000,000","6,432,000,000","6,361,000,000","6,028,000,000","7,966,300,000","7,662,300,000","7,399,700,000","6,948,500,000","3,610,818,190.943","3,239,519,618.818","4,175,327,619.259","4,215,000,597.626","3,281,424,173.046","3,697,158,566.667","3,668,196,793.123","3,844,689,604.356","4,088,237,180.172","2,525,304,891.004","1,951,528,553.443","2,224,050,669.244","1,729,770,992.366","2,229,411,852.006","1,862,323,481.868","1,819,255,965.49","1,280,758,968.277","1,208,366,174.98","1,208,952,710.461","1,022,389,396.382","1,414,400,341.784","1,563,728,015.992","1,622,580,936.878"
		LongTermProvisions,,,,,,,,,,,,,,,,,,"105,989,190.679","61,621,837.26","111,291,452.549","95,937,170.638","57,225,432.972","97,068,183.102","133,148,379.678","142,865,914.813","200,927,687.408","159,435,686.058","83,691,125.674","92,134,594.962","60,899,067.006","58,696,071.593","18,071,186.751","12,374,939.698","16,912,379.053","22,914,086.252","4,796,823.89","6,209,325.93","9,145,405.268","5,152,623.182","8,138,903.961"
		LongTermDebtAndCapitalLeaseObligation,"6,653,000,000","6,804,000,000","6,840,000,000","6,879,000,000","6,340,000,000","7,177,000,000","6,548,000,000","6,524,000,000","6,186,000,000","6,497,000,000","6,432,000,000","6,361,000,000","6,028,000,000","6,674,400,000","6,344,800,000","5,961,600,000","5,309,000,000","3,026,181,016.743","2,654,708,505.204","3,483,002,874.045","3,447,704,358.663","2,569,252,161.663","3,000,075,319.638","2,899,878,624.164","3,065,783,818.081","3,274,266,293.312","1,642,374,537.883","1,513,784,420.699","1,753,905,913.644","1,374,469,889.737","1,547,097,846.574","1,562,280,782.017","1,474,155,952.206","976,875,185.295","950,512,329.693","1,012,997,351.541","845,304,197.266","1,079,825,369.488","1,250,969,996.834","1,312,322,903.479"
			LongTermDebt,"6,653,000,000","6,804,000,000","6,840,000,000","6,879,000,000","6,340,000,000","7,177,000,000","6,548,000,000","6,524,000,000","6,186,000,000","6,497,000,000","6,432,000,000","6,361,000,000","6,028,000,000","6,208,800,000","5,853,500,000","5,454,800,000","5,309,000,000","3,026,181,016.743","2,650,534,122.68","3,476,709,012.725","3,437,748,614.541","2,563,759,319.057","2,992,919,954.055","2,892,395,301.934","3,055,856,888.47","3,260,479,233.91","1,628,436,663.409","1,513,784,420.699","1,751,035,677.041","1,370,059,372.349","1,504,207,417.521","1,505,169,731.906","1,405,849,081.668","969,530,765.706","925,233,644.86","981,664,906.13","837,781,360.081","1,070,479,699.87","1,232,718,536.407","1,285,268,583.831"
			LongTermCapitalLeaseObligation,"463,000,000","466,000,000","476,000,000","470,000,000","493,000,000","470,000,000","467,000,000","451,000,000","462,000,000","450,000,000","452,000,000","445,000,000","465,700,000","465,600,000","491,300,000","506,800,000",,,"4,174,382.524","6,293,861.32","9,955,744.123","5,492,842.606","7,155,365.583","7,483,322.23","9,926,929.611","13,787,059.402","13,937,874.474",,"2,870,236.603","4,410,517.388","42,890,429.053","57,111,050.111","68,306,870.539","7,344,419.589","25,278,684.833","31,332,445.411","7,522,837.184","9,345,669.617","18,251,460.427","27,054,319.648"
		NonCurrentDeferredLiabilities,"616,000,000","644,000,000","667,000,000","663,000,000","677,000,000","651,000,000","671,000,000","688,000,000","696,000,000","662,000,000","674,000,000","674,000,000","672,400,000","746,500,000","726,500,000","850,800,000","1,011,700,000","162,277,235.447","161,508,847.658","215,190,115.612","212,791,460.242","229,700,690.812","252,038,337.696","256,623,196.474","217,266,717.154","261,099,117.201","381,166,872.052","169,641,992.446","174,797,409.133","166,666,666.667","401,596,889.331","223,259,218.593","271,619,439.143","232,797,886.963","199,864,880.081","169,521,797.482","147,650,606.006","282,773,260.704","254,527,169.223","240,549,828.179"
			NonCurrentDeferredTaxesLiabilities,"616,000,000","644,000,000","667,000,000","663,000,000","677,000,000","651,000,000","671,000,000","688,000,000","696,000,000","662,000,000","674,000,000","674,000,000","672,400,000","746,500,000","726,500,000","850,800,000","1,011,700,000","162,277,235.447","161,508,847.658","215,190,115.612","212,791,460.242","229,700,690.812","252,038,337.696","256,623,196.474","217,266,717.154","261,099,117.201","381,166,872.052","169,641,992.446","174,797,409.133","166,666,666.667","401,596,889.331","223,259,218.593","271,619,439.143","232,797,886.963","199,864,880.081","169,521,797.482","147,650,606.006","282,773,260.704","254,527,169.223","240,549,828.179"
		TradeandOtherPayablesNonCurrent,,,,,,,,,,,,,,,,,,,,,,,"4,707,477.357","20,077,205.983","19,546,840.78","16,993,352.286","25,666,085.922","25,422,087.355","25,162,407.554","23,664,122.137","23,077,722.207","533,748.132","9,228,768.589","67,379.996","3,884,697.669","2,143,261.738","2,567,317.452","5,073,363.506","6,456,298.927","1,507,204.437"
		EmployeeBenefits,"224,000,000","199,000,000","200,000,000","192,000,000","201,000,000","270,000,000","278,000,000","294,000,000","307,000,000","381,000,000","401,000,000","394,000,000","391,700,000","354,900,000","371,000,000","372,400,000","386,800,000","288,725,733.178","339,218,275.113","355,353,408.185","448,913,553.176","414,160,332.52","343,269,248.875","347,153,143.452","385,717,502.098","334,843,853.537","314,707,007.181","158,988,927.269","177,954,669.397","103,731,976.251","198,943,322.302","58,178,546.375","51,876,865.854","54,106,136.97","31,190,181.286","19,493,475.809","20,657,949.728","37,582,942.818","46,621,927.826","60,062,096.823"
			NonCurrentPensionAndOtherPostretirementBenefitPlans,,,,,,,,,,,,,,,,,,"288,725,733.178","290,417,755.605","355,353,408.185","448,913,553.176","385,697,420.833","313,706,291.073","321,235,295.728","357,062,447.551","309,621,016.181","294,650,065.865","141,879,458.953","159,776,504.243","86,005,089.059","182,989,269.972",,,,,,,,,
		DerivativeProductLiabilities,,,,,,,,,,,,,,,,,,"598,808.987","1,292,070.781",,,,,"11,316,243.372","13,508,811.429","106,876.429","1,954,701.908",,"95,674.553","339,270.568",,,,,,,,,,
		OtherNonCurrentLiabilities,"481,000,000","449,000,000","488,000,000","523,000,000","471,000,000","418,000,000","362,000,000","365,000,000","371,000,000","227,000,000","233,000,000","221,000,000","223,200,000","190,500,000","220,000,000","214,900,000","241,000,000","27,046,205.908","21,170,082.801","10,489,768.867","9,654,054.907","11,085,555.078",,,,,,,,,,,,,,,,,,
TotalEquityGrossMinorityInterest,"4,090,000,000","4,308,000,000","4,411,000,000","3,976,000,000","4,141,000,000","4,577,000,000","4,519,000,000","4,705,000,000","4,821,000,000","4,705,000,000","4,848,000,000","4,744,000,000","4,687,000,000","4,802,800,000","5,402,900,000","5,491,400,000","5,674,700,000","1,055,400,839.393","1,083,848,605.363","890,631,328.078","850,260,773.32","1,584,934,766.602","2,138,230,365.112","3,377,442,346.478","3,458,665,083.816","4,006,369,835.197","3,504,780,520.971","2,482,164,186.332","2,873,393,863.434","3,037,574,215.437","2,650,598,833.499","3,326,470,857.352","3,291,314,470.29","3,123,601,865.078","2,571,163,157.302","1,311,318,973.48","1,108,722,908.83","1,818,200,024.032","1,793,485,346.064","2,291,855,067.221"
	StockholdersEquity,"4,090,000,000","4,308,000,000","4,411,000,000","3,976,000,000","4,141,000,000","4,577,000,000","4,519,000,000","4,705,000,000","4,821,000,000","4,705,000,000","4,848,000,000","4,744,000,000","4,687,000,000","4,739,600,000","5,339,700,000","5,424,200,000","5,609,000,000","991,128,674.8","1,015,468,244.016","821,099,145.875","788,313,921","1,464,291,968.993","2,029,111,039.976","3,292,114,221.05","3,368,094,643.552","3,942,030,224.654","3,457,187,778.864","2,431,320,011.622","2,821,251,231.81","2,993,299,406.277","2,612,309,107.909","3,266,614,816.848","3,227,971,558.613","2,991,537,072.474","2,474,214,615.471","1,204,564,126.902","1,058,630,365.992","1,788,694,409.954","1,764,121,601.907","2,262,163,139.808"
		CapitalStock,"14,000,000","15,000,000","15,000,000","15,000,000","15,000,000","15,000,000","15,000,000","15,000,000","15,000,000","15,000,000","16,000,000","16,000,000","15,700,000","15,800,000","16,100,000","16,200,000","16,300,000","1,419,077,497.43","1,392,156,571.786","1,415,519,381.664","1,453,236,952.72","1,678,412,960.776","2,716,591,033.197","3,487,319,419.221","3,872,935,300.98","4,350,298,185.238","3,424,807,716.823","1,969,445,072.15","2,302,025,430.296","2,326,378,286.684","2,085,380,151.675","2,552,917,314.789","1,926,365,613.049","2,112,565,021.696","1,673,685,395.789","715,237,060.057","580,273,449.161","1,239,169,036.461","398,490,239.193","482,606,860.795"
			CommonStock,"14,000,000","15,000,000","15,000,000","15,000,000","15,000,000","15,000,000","15,000,000","15,000,000","15,000,000","15,000,000","16,000,000","16,000,000","15,700,000","15,800,000","16,100,000","16,200,000","16,300,000","1,419,077,497.43","1,392,156,571.786","1,415,519,381.664","1,453,236,952.72","1,678,412,960.776","2,716,591,033.197","3,487,319,419.221","3,872,935,300.98","4,350,298,185.238","3,424,807,716.823","1,969,445,072.15","2,302,025,430.296","2,326,378,286.684","2,085,380,151.675","2,552,917,314.789","1,926,365,613.049","2,112,565,021.696","1,673,685,395.789","715,237,060.057","580,273,449.161","1,239,169,036.461","398,490,239.193","482,606,860.795"
		AdditionalPaidInCapital,"4,021,000,000","4,241,000,000","4,391,000,000","4,412,000,000","4,431,000,000","4,740,000,000","4,854,000,000","5,074,000,000","5,092,000,000","5,193,000,000","5,412,000,000","5,481,000,000","5,480,000,000","5,538,400,000","5,783,200,000","5,940,700,000","6,007,500,000",,,,,,,,,,,,,,,,,,,,,,,
		RetainedEarnings,"865,000,000","863,000,000","866,000,000","588,000,000","534,000,000","604,000,000","515,000,000","473,000,000","452,000,000","378,000,000","293,000,000","258,000,000","246,500,000","254,700,000","254,400,000","252,300,000","323,700,000","475,254,732.595","524,878,907.375","286,420,641.346","139,782,670.008","451,511,662.244","588,811,267.818","513,155,132.92","512,413,778.988","676,741,551.418","590,829,898.44","713,271,136.65","943,733,795.123","932,824,427.481","589,632,092.133","1,103,257,388.599","1,128,636,449.441","1,021,009,082.823","759,261,344.443","370,682,220.623","306,346,647.561","275,630,498.925","239,876,337.044","438,897,932.116"
		TreasuryStock,"12,000,000","14,000,000","18,000,000","49,000,000","18,000,000","35,000,000","37,000,000","50,000,000","29,000,000","40,000,000","45,000,000","49,000,000","67,000,000","11,400,000","11,400,000","11,500,000","16,100,000",,,,,,,,,,,,,,,,,,,,,,,
		GainsLossesNotAffectingRetainedEarnings,"-862,000,000","-857,000,000","-901,000,000","-1,048,000,000","-880,000,000","-807,000,000","-885,000,000","-862,000,000","-766,000,000","-899,000,000","-884,000,000","-1,019,000,000","-1,049,300,000","-1,057,900,000","-702,600,000","-773,500,000","-722,400,000","-903,203,555.225","-901,567,235.144","-880,840,877.136","-804,705,701.727","-665,632,654.027","-1,276,291,261.039","-708,360,331.091","-1,017,254,436.416","-1,085,009,512.002","-558,449,836.4","-251,396,197.179","-424,507,993.609","-265,903,307.888","-62,703,135.899","-389,559,886.54","-244,142,878.117","-142,037,032.046","41,267,875.239","118,644,846.221","172,010,269.27","273,894,874.568","1,125,755,025.67","1,340,658,346.898"
			ForeignCurrencyTranslationAdjustments,,,,,,,,,,,,,,,,,,,"-293,399,457.408","-275,830,969.918",,"-73,104,741.598","-806,955,768.543","-777,626,691.733","-1,131,567,636.163","-1,152,876,044.717","-591,084,859.559","-259,628,111.179","-431,683,585.117","-262,256,149.279","-53,056,499.607","-488,837,039.07","-339,856,394.768","-239,333,746.597","-40,029,275.982","45,263,646.709","19,941,489.044","6,141,440.034","58,168,770.137","26,149,996.986"
			FixedAssetsRevaluationReserve,,,,,,,,,,,,,,,,,,,,,,,,"-1,368,900.408","-1,228,073.766","-1,282,517.154","-1,019,844.474","-645,640.314","-2,104,840.176","4,834,605.598","-1,335,688.102","99,277,152.53","95,713,516.65","97,296,714.551","81,297,151.222","73,381,199.512","152,068,780.226","267,753,434.534","298,231,346.573","387,426,900.585"
			OtherEquityAdjustments,"-862,000,000","-857,000,000","-901,000,000","-1,048,000,000","-880,000,000","-807,000,000","-885,000,000","-862,000,000","-766,000,000","-899,000,000","-884,000,000","-1,019,000,000","-1,049,300,000","-1,057,900,000","-702,600,000","-773,500,000","-722,400,000","-903,203,555.225","-608,167,777.737","-605,009,907.217","-804,705,701.727","-592,527,912.429","-469,335,492.496","70,635,261.049","115,541,273.512","69,149,049.869","33,654,867.633","8,877,554.314","9,280,431.684","-8,481,764.207","-8,310,948.19",,,,,,,,"769,354,908.96","927,081,449.328"
		OtherEquityInterest,,,,,,,,,,,,,,,,,,,,,,,,,,,,,,,,,"417,112,374.241",,,,,,,
	MinorityInterest,"64,000,000","60,000,000","58,000,000","58,000,000","59,000,000","60,000,000","57,000,000","55,000,000","57,000,000","58,000,000","56,000,000","57,000,000","61,200,000","63,200,000","63,200,000","67,200,000","65,700,000","64,272,164.593","68,380,361.347","69,532,182.203","61,946,852.32","120,642,797.609","109,119,325.136","85,328,125.428","90,570,440.264","64,339,610.542","47,592,742.107","50,844,174.71","52,142,631.624","44,274,809.16","38,289,725.59","59,856,040.504","63,342,911.676","132,064,792.604","96,948,541.831","106,754,846.578","50,092,542.838","29,505,614.077","29,363,744.157","29,691,927.413"
TotalCapitalization,"10,743,000,000","11,112,000,000","11,251,000,000","10,855,000,000","10,481,000,000","11,754,000,000","11,067,000,000","11,229,000,000","11,007,000,000","11,202,000,000","11,280,000,000","11,105,000,000","10,715,000,000","10,948,400,000","11,193,200,000","10,879,000,000","10,918,000,000","4,017,309,691.543","3,666,002,366.696","4,297,808,158.599","4,226,062,535.54","4,028,051,288.05","5,022,030,994.031","6,184,509,522.984","6,423,951,532.022","7,202,509,458.564","5,085,624,442.273","3,945,104,432.321","4,572,286,908.851","4,363,358,778.626","4,116,516,525.43","4,771,784,548.754","4,633,820,640.281","3,961,067,838.18","3,399,448,260.331","2,186,229,033.032","1,896,411,726.073","2,859,174,109.825","2,996,840,138.314","3,547,431,723.639"
CommonStockEquity,"4,090,000,000","4,308,000,000","4,411,000,000","3,976,000,000","4,141,000,000","4,577,000,000","4,519,000,000","4,705,000,000","4,821,000,000","4,705,000,000","4,848,000,000","4,744,000,000","4,687,000,000","4,739,600,000","5,339,700,000","5,424,200,000","5,609,000,000","991,128,674.8","1,015,468,244.016","821,099,145.875","788,313,921","1,464,291,968.993","2,029,111,039.976","3,292,114,221.05","3,368,094,643.552","3,942,030,224.654","3,457,187,778.864","2,431,320,011.622","2,821,251,231.81","2,993,299,406.277","2,612,309,107.909","3,266,614,816.848","3,227,971,558.613","2,991,537,072.474","2,474,214,615.471","1,204,564,126.902","1,058,630,365.992","1,788,694,409.954","1,764,121,601.907","2,262,163,139.808"
CapitalLeaseObligations,"463,000,000","466,000,000","476,000,000","470,000,000","493,000,000","470,000,000","467,000,000","451,000,000","462,000,000","450,000,000","452,000,000","445,000,000","465,700,000","465,600,000","491,300,000","506,800,000",,,"6,460,353.906","9,790,450.942","13,676,577.785","5,492,842.606","8,661,758.337","9,856,082.937","12,383,077.144","15,390,205.844","16,742,446.777","1,856,215.902","3,348,609.37","43,002,544.529","48,010,566.777","58,559,795.041","69,844,998.637","101,339,514.325","32,090,980.745","37,966,350.791","8,955,758.553","13,751,485.294","25,142,317.935","38,132,272.261"
NetTangibleAssets,"-2,800,000,000","-2,578,000,000","-2,447,000,000","-2,870,000,000","-2,801,000,000","-2,511,000,000","-2,600,000,000","-2,472,000,000","-2,433,000,000","-2,562,000,000","-2,509,000,000","-2,589,000,000","-2,647,000,000","-2,524,700,000","-2,000,700,000","-1,816,100,000","-1,853,800,000","-1,365,583,894.601","-1,357,767,610.992","-1,585,853,247.55","-1,325,622,414.418","-378,606,660.377","33,705,537.876","1,192,494,775.363","1,321,816,730.458","1,931,150,204.134","1,897,250,669.273","1,221,470,768.635","1,568,679,978.186","1,756,064,461.408","1,211,023,879.135","1,919,358,282.246","1,785,836,636.813","1,672,977,926.313","2,070,093,457.944","882,156,325.429","802,853,901.725","1,516,935,688.442","1,446,955,917.136","1,891,692,289.142"
WorkingCapital,"-1,483,000,000","-1,148,000,000","-906,000,000","-1,301,000,000","-1,796,000,000","-646,000,000","-1,283,000,000","-1,131,000,000","-1,476,000,000","-1,049,000,000","-1,159,000,000","-1,146,000,000","-1,536,000,000","850,300,000","920,200,000","722,600,000","668,300,000","-972,765,199.202","-1,402,393,747.976","-725,192,687.663","-454,645,648.277","-261,059,828.601","30,504,453.274","-459,311,716.875","-481,097,897.947","331,103,178.505","-568,733,268.177","-511,992,768.828","-118,349,422.604","-107,803,223.07","-283,611,106.989","185,210,601.763","52,645,929.903","-50,669,757.162","1,386,274,068.236","304,394,196.864","216,550,241.805","310,943,779.122","308,660,752.531","250,346,657.021"
InvestedCapital,"6,746,000,000","7,013,000,000","6,902,000,000","6,955,000,000","6,490,000,000","7,249,000,000","6,669,000,000","6,592,000,000","6,289,000,000","6,604,000,000","6,485,000,000","6,599,000,000","6,234,000,000","11,261,200,000","11,550,400,000","11,196,800,000","11,712,200,000","5,495,769,080.173","5,474,603,290.29","5,417,915,668.46","5,144,203,382.425","5,039,433,416.681","5,542,113,092.436","7,263,385,564.489","7,360,971,815.707","7,581,600,153.902","6,254,536,183.232","4,714,869,096.426","5,220,003,635.633","5,494,062,765.055","4,968,166,100.236","5,326,348,857.779","5,141,612,657.396","4,547,206,425.356","3,596,385,542.169","2,441,838,510.331","2,031,942,205.505","3,116,714,062.563","3,291,595,016.234","3,934,933,984.446"
TangibleBookValue,"-2,800,000,000","-2,578,000,000","-2,447,000,000","-2,870,000,000","-2,801,000,000","-2,511,000,000","-2,600,000,000","-2,472,000,000","-2,433,000,000","-2,562,000,000","-2,509,000,000","-2,589,000,000","-2,647,000,000","-2,524,700,000","-2,000,700,000","-1,816,100,000","-1,853,800,000","-1,365,583,894.601","-1,357,767,610.992","-1,585,853,247.55","-1,325,622,414.418","-378,606,660.377","33,705,537.876","1,192,494,775.363","1,321,816,730.458","1,931,150,204.134","1,897,250,669.273","1,221,470,768.635","1,568,679,978.186","1,756,064,461.408","1,211,023,879.135","1,919,358,282.246","1,785,836,636.813","1,672,977,926.313","2,070,093,457.944","882,156,325.429","802,853,901.725","1,516,935,688.442","1,446,955,917.136","1,891,692,289.142"
TotalDebt,"6,746,000,000","7,013,000,000","6,902,000,000","6,955,000,000","6,490,000,000","7,249,000,000","6,669,000,000","6,592,000,000","6,289,000,000","6,604,000,000","6,485,000,000","6,599,000,000","6,234,000,000","6,987,200,000","6,702,000,000","6,279,400,000","6,103,200,000","4,504,640,405.373","4,465,595,400.18","4,606,606,973.528","4,369,566,039.21","3,580,634,290.294","3,521,663,810.797","3,981,127,426.376","4,005,260,249.299","3,654,960,135.092","2,814,090,851.145","2,285,405,300.707","2,402,101,013.194","2,543,765,903.308","2,403,867,559.104","2,118,293,835.972","1,983,486,097.419","1,657,008,867.208","1,154,261,907.443","1,275,240,734.22","982,267,598.066","1,341,771,137.902","1,552,615,732.262","1,710,903,116.899"
NetDebt,"6,057,000,000","6,449,000,000","6,065,000,000","6,393,000,000","5,715,000,000","6,172,000,000","6,043,000,000","5,959,000,000","5,439,000,000","5,914,000,000","5,730,000,000","5,842,000,000","5,491,000,000","5,983,800,000","5,536,900,000","5,292,400,000","5,501,600,000","4,015,014,257.093","3,842,121,553.189","4,035,863,644.609","3,837,285,699.39","2,871,158,765.282","3,003,558,852.882","3,610,885,496.044","3,626,911,189.799","3,399,739,221.512","2,570,348,021.927","2,131,339,380.831","2,167,985,380.928","2,403,477,523.325","2,271,337,617.429","1,898,999,603.501","1,822,052,562.032","1,460,326,658.222",,"1,072,651,469.92","855,394,351.902","1,202,120,131.907","1,363,458,589.671","1,540,212,214.385"
ShareIssued,"1,448,000,000","1,471,000,000","1,486,000,000","1,489,000,000","1,489,000,000","1,503,000,000","1,513,000,000","1,533,000,000","1,541,792,948","1,541,800,000","1,562,000,000","1,568,500,000","1,574,437,347","1,574,400,000","1,604,000,000","1,620,100,000","1,625,900,000",,"1,157,231,000","1,157,450,000","1,155,750,000","1,177,982,000","1,206,685,000","1,205,562,956","1,204,184,923","1,227,469,819","1,221,647,084","962,290,104","953,147,969","1,008,374,930","1,016,519,384","1,002,738,379","1,002,472,288","968,530,245","939,273,191","725,175,280","714,734,342","913,480,978","918,470,136","916,301,729"
OrdinarySharesNumber,"1,447,000,000","1,470,000,000","1,484,000,000","1,485,000,000","1,487,000,000","1,500,000,000","1,510,000,000","1,529,000,000","1,541,792,948","1,537,800,000","1,557,500,000","1,563,600,000","1,574,437,347","1,573,300,000","1,602,900,000","1,619,000,000","1,624,500,000",,"1,157,231,000","1,157,450,000","1,155,750,000","1,177,982,000","1,206,685,000","1,205,562,956","1,204,184,923","1,227,469,819","1,221,647,084","962,290,104","953,147,969","1,008,374,930","1,016,519,384","1,002,738,379","1,002,472,288","968,530,245","939,273,191","725,175,280","714,734,342","913,480,978","918,470,136","916,301,729"
TreasurySharesNumber,"1,000,000","1,000,000","2,000,000","4,000,000","2,000,000","3,000,000","3,000,000","4,000,000","3,000,000","4,000,000","4,500,000","4,900,000","6,700,000","1,100,000","1,100,000","1,100,000","1,400,000",,,,,,,,,,,,,,,,,,,,,,,