name,06/30/2023,03/31/2023,12/31/2022,09/30/2022,06/30/2022,03/31/2022,12/31/2021,09/30/2021,06/30/2021,03/31/2021,12/31/2020,09/30/2020,06/30/2020,03/31/2020,12/31/2019,09/30/2019,06/30/2019,03/31/2019,12/31/2018,09/30/2018,06/30/2018,03/31/2018,12/31/2017,09/30/2017,06/30/2017,03/31/2017,12/31/2016,09/30/2016,06/30/2016,03/31/2016,12/31/2015,09/30/2015,06/30/2015,03/31/2015,12/31/2014,09/30/2014,06/30/2014,03/31/2014,12/31/2013
TotalAssets,"8,186,041,000","7,543,066,000","6,775,410,000","6,162,010,000","5,824,545,000","6,108,186,000","5,734,429,000","5,437,350,000","5,208,280,000","4,893,730,000","4,738,919,000","4,399,372,000","4,335,851,000","4,111,845,000","4,185,290,000","3,619,825,000","3,441,292,000","3,332,444,000","3,081,983,000","2,798,238,000","2,733,091,000","2,580,034,000","2,460,860,000","2,301,710,000","2,162,940,000","1,939,598,000","1,729,007,000","1,519,080,000","1,334,988,000","1,209,947,000","1,159,890,000","1,072,892,000","990,839,000","875,092,000","811,023,000","691,883,000","642,778,000","375,463,000","364,520,000"
	CurrentAssets,"6,851,557,000","6,270,533,000","5,550,748,000","5,031,678,000","4,729,195,000","5,105,174,000","4,812,676,000","4,523,958,000","4,328,395,000","4,002,895,000","3,836,998,000","3,653,867,000","3,576,878,000","3,336,899,000","3,471,636,000","3,240,420,000","3,028,518,000","2,900,974,000","2,714,802,000","2,436,046,000","2,535,539,000","2,379,174,000","2,266,429,000","2,075,539,000","1,949,189,000","1,736,825,000","1,526,126,000","1,324,178,000","1,142,054,000","1,023,133,000","974,328,000","921,100,000","850,212,000","736,044,000","679,479,000","588,351,000","562,676,000","291,967,000","285,523,000"
		CashCashEquivalentsAndShortTermInvestments,"3,741,126,000","3,331,130,000","3,023,729,000","2,980,071,000","2,901,902,000","3,423,914,000","3,408,315,000","3,386,481,000","3,281,703,000","3,027,666,000","2,872,868,000","2,845,901,000","2,781,771,000","2,636,993,000","2,724,368,000","2,447,040,000","2,257,803,000","2,150,918,000","1,956,147,000","1,661,799,000","1,860,404,000","1,738,040,000","1,535,555,000","1,343,114,000","1,124,839,000","1,043,242,000","867,833,000","800,148,000","823,818,000","762,252,000","687,326,000","568,617,000","551,763,000","484,339,000","449,457,000","408,596,000","397,198,000","129,524,000","113,664,000"
			CashAndCashEquivalents,"1,261,836,000","956,341,000","671,707,000","716,253,000","493,246,000","635,025,000","620,813,000","630,982,000","893,688,000","843,336,000","893,219,000","970,349,000","800,182,000","761,333,000","1,111,286,000","1,095,265,000","944,414,000","809,491,000","649,950,000","524,687,000","711,157,000","886,160,000","859,192,000","854,479,000","823,475,000","746,567,000","567,923,000","500,481,000","531,058,000","710,663,000","687,326,000","418,500,000","342,958,000","275,186,000","240,031,000","408,596,000","397,198,000","129,524,000","113,664,000"
				CashFinancial,,,,,,,,,,,,,,,,,,,,,,,,,,,,,,,,,,,,,,"83,314,000","66,628,000"
				CashEquivalents,,,,,,,,,,,,,,,,,,,,,,,,,,,,,,,,,,,,,,"46,210,000","47,036,000"
			OtherShortTermInvestments,"2,479,290,000","2,374,789,000","2,352,022,000","2,263,818,000","2,408,656,000","2,788,889,000","2,787,502,000","2,755,499,000","2,388,015,000","2,184,330,000","1,979,649,000","1,875,552,000","1,981,589,000","1,875,660,000","1,613,082,000","1,351,775,000","1,313,389,000","1,341,427,000","1,306,197,000","1,137,112,000","1,149,247,000","851,880,000","676,363,000","488,635,000","301,364,000","296,675,000","299,910,000","299,667,000","292,760,000","51,589,000","0","150,117,000","208,805,000","209,153,000","209,426,000",,,,
		Receivables,"779,726,000","862,875,000","923,096,000","651,512,000","585,786,000","648,606,000","516,509,000","395,590,000","364,214,000","380,466,000","389,540,000","300,217,000","383,225,000","352,159,000","391,987,000","447,252,000","343,080,000","271,246,000","331,777,000","322,053,000","260,917,000","207,339,000","247,346,000","212,611,000","269,624,000","209,062,000","253,119,000","210,243,000","146,659,000","135,119,000","144,263,000","160,230,000","122,342,000","113,057,000","96,982,000","92,063,000","75,946,000","67,007,000","81,999,000"
			AccountsReceivable,"779,726,000","862,875,000","923,096,000","651,512,000","585,786,000","648,606,000","516,509,000","395,590,000","364,214,000","380,466,000","389,540,000","300,217,000","383,225,000","352,159,000","391,987,000","447,252,000","343,080,000","271,246,000","331,777,000","322,053,000","260,917,000","207,339,000","247,346,000","212,611,000","269,624,000","209,062,000","253,119,000","210,243,000","146,659,000","135,119,000","144,263,000","160,230,000","122,342,000","113,057,000","96,982,000","84,063,000","67,946,000","63,007,000","77,999,000"
				GrossAccountsReceivable,"793,306,000","871,282,000","928,490,000","660,108,000","598,380,000","652,529,000","521,597,000","398,689,000","368,817,000","385,204,000","394,037,000","304,543,000","385,005,000","358,220,000","398,147,000","453,963,000","350,568,000","280,860,000","340,897,000","333,304,000","267,458,000","214,977,000","254,881,000","220,106,000","273,815,000","211,134,000","254,640,000","211,783,000","148,007,000","136,367,000","145,792,000","162,479,000","124,432,000","115,937,000","100,076,000","87,259,000","70,467,000","65,385,000","80,338,000"
				AllowanceForDoubtfulAccountsReceivable,"-13,580,000","-8,407,000","-5,394,000","-8,596,000","-12,594,000","-3,923,000","-5,088,000","-3,099,000","-4,603,000","-4,738,000","-4,497,000","-4,326,000","-1,780,000","-6,061,000","-6,160,000","-6,711,000","-7,488,000","-9,614,000","-9,120,000","-11,251,000","-6,541,000","-7,638,000","-7,535,000","-7,495,000","-4,191,000","-2,072,000","-1,521,000","-1,540,000","-1,348,000","-1,248,000","-1,529,000","-2,249,000","-2,090,000","-2,880,000","-3,094,000","-3,196,000","-2,521,000","-2,378,000","-2,339,000"
			NotesReceivable,,,,,,,,,,,,,,,,,,,,,,,,,,,,,,,,,,,"0","8,000,000","8,000,000","4,000,000","4,000,000"
		Inventory,"1,864,334,000","1,682,703,000","1,289,706,000","1,100,550,000","852,810,000","694,217,000","650,117,000","575,665,000","543,199,000","483,168,000","479,668,000","438,102,000","326,997,000","261,798,000","243,825,000","239,802,000","314,177,000","347,153,000","264,557,000","216,313,000","245,439,000","268,131,000","306,198,000","333,157,000","363,803,000","286,786,000","236,490,000","162,128,000","118,130,000","84,030,000","92,129,000","109,921,000","100,304,000","91,225,000","80,519,000","62,587,000","71,068,000","78,978,000","73,360,000"
			RawMaterials,"1,050,253,000","1,060,261,000","759,519,000","629,058,000","462,396,000","367,811,000","316,737,000","312,418,000","271,055,000","234,941,000","219,218,000","223,423,000","171,346,000","130,357,000","96,712,000","120,236,000","105,639,000","102,836,000","76,795,000","48,697,000","68,924,000","62,305,000","69,673,000","99,640,000","112,558,000","108,066,000","99,190,000","64,610,000","41,730,000","27,120,000","29,831,000","39,920,000","28,450,000","17,237,000","17,094,000","15,470,000","13,078,000","16,590,000","18,286,000"
			FinishedGoods,"814,081,000","622,442,000","530,187,000","471,492,000","390,414,000","326,406,000","333,380,000","263,247,000","272,144,000","248,227,000","260,450,000","214,679,000","155,651,000","131,441,000","147,113,000","119,566,000","208,538,000","244,317,000","187,762,000","167,616,000","176,515,000","205,826,000","236,525,000","233,517,000","251,245,000","178,720,000","137,300,000","97,518,000","76,400,000","56,910,000","62,298,000","70,001,000","71,854,000","73,988,000","63,425,000","47,117,000","57,990,000","62,388,000","55,074,000"
		PrepaidAssets,"298,827,000","268,472,000","189,860,000","299,545,000","388,697,000","338,437,000","237,735,000","166,222,000","139,279,000","111,595,000","94,922,000","69,647,000","84,885,000","85,949,000","111,456,000","106,326,000","113,458,000","131,657,000","162,321,000","235,881,000","168,779,000","165,664,000","177,330,000","186,657,000","190,923,000","197,735,000","168,684,000","96,296,000","53,447,000","13,966,000","50,610,000","25,370,000","35,727,000","32,299,000","40,269,000","16,409,000","9,768,000","7,494,000","4,144,000"
		CurrentDeferredAssets,,,,,,,,,,,,,,,,,,,,,,,,,,,,,,,"0","20,197,000","12,268,000","9,801,000","12,252,000","8,696,000","8,696,000","8,964,000","12,356,000"
			CurrentDeferredTaxesAssets,,,,,,,,,,,,,,,,,,,,,,,,,,,,,,,"0","20,197,000","12,268,000","9,801,000","12,252,000","8,696,000","8,696,000","8,964,000","12,356,000"
		OtherCurrentAssets,"466,371,000","393,825,000","314,217,000","142,627,000","256,102,000","217,363,000","163,916,000","90,181,000","81,017,000","69,790,000","60,556,000","43,311,000","56,980,000","50,373,000","64,464,000","52,800,000","43,665,000","63,436,000","95,730,000","118,262,000","87,157,000","82,837,000","96,215,000","126,190,000","124,362,000","112,216,000","79,140,000","55,363,000","27,513,000","27,766,000","29,270,000","36,765,000","27,808,000","5,323,000","9,820,000",,,,
	TotalNonCurrentAssets,"1,334,484,000","1,272,533,000","1,224,662,000","1,130,332,000","1,095,350,000","1,003,012,000","921,753,000","913,392,000","879,885,000","890,835,000","901,921,000","745,505,000","758,973,000","774,946,000","713,654,000","379,405,000","412,774,000","431,470,000","367,181,000","362,192,000","197,552,000","200,860,000","194,431,000","226,171,000","213,751,000","202,773,000","202,881,000","194,902,000","192,934,000","186,814,000","185,562,000","151,792,000","140,627,000","139,048,000","131,544,000","103,532,000","80,102,000","83,496,000","78,997,000"
		NetPPE,"163,038,000","161,160,000","148,399,000","154,654,000","153,692,000","154,062,000","143,816,000","144,747,000","102,859,000","105,418,000","109,519,000","112,599,000","114,546,000","121,183,000","127,043,000","132,091,000","135,226,000","140,081,000","75,355,000","75,397,000","73,736,000","73,825,000","74,279,000","73,061,000","75,840,000","76,319,000","76,961,000","78,147,000","79,681,000","79,944,000","79,706,000","75,248,000","73,178,000","72,787,000","71,558,000","66,991,000","68,799,000","67,626,000","67,204,000"
			GrossPPE,"163,038,000","161,160,000","148,399,000","154,654,000","153,692,000","154,062,000","143,816,000","144,747,000","102,859,000","105,418,000","109,519,000","112,599,000","114,546,000","121,183,000","127,043,000","132,091,000","135,226,000","140,081,000","165,367,000","159,794,000","152,992,000","147,851,000","143,299,000","136,850,000","134,441,000","130,038,000","126,093,000","122,936,000","119,478,000","114,995,000","110,045,000","101,750,000","96,264,000","92,629,000","88,516,000","81,308,000","80,478,000","76,983,000","74,390,000"
				Properties,"0","0","0","0","0","0","0","0","0","0","0","0","0","0","0","0","0","0","0","0","0","0","0","0","0","0","0","0","0","0","0","0","0","0","0","0","0","0","0"
				LandAndImprovements,"42,567,000","42,337,000","41,500,000","40,601,000","40,485,000","40,336,000","40,145,000","40,064,000",,,,,,,,,,,,,,,,,,,,,,,,,,,,,,,
				BuildingsAndImprovements,,,,,,,,,,,,,,,"0","0","0","0","35,154,000","35,154,000","35,154,000","35,154,000","35,154,000","35,154,000","35,154,000","35,154,000","35,154,000","35,154,000","35,154,000","35,154,000","35,154,000","35,154,000","35,154,000","35,154,000","35,154,000","35,154,000","35,154,000","35,154,000","35,154,000"
				MachineryFurnitureEquipment,"60,476,000","54,469,000","55,723,000","54,827,000","50,988,000","48,430,000","47,717,000","47,498,000","46,679,000","45,994,000","43,868,000","43,089,000","42,837,000","42,774,000","40,401,000","39,143,000","36,965,000","35,082,000","34,263,000","32,190,000","29,212,000","27,111,000","25,144,000","24,520,000","23,136,000","21,645,000","20,299,000","19,705,000","18,453,000","17,237,000","15,010,000","13,103,000","12,321,000","10,437,000","9,145,000","8,264,000","7,947,000","5,291,000","5,040,000"
				OtherProperties,"163,038,000","161,160,000","148,399,000","154,654,000","153,692,000","154,062,000","143,816,000","144,747,000","102,859,000","105,418,000","109,519,000","112,599,000","114,546,000","121,183,000","127,043,000","132,091,000","135,226,000","140,081,000","55,912,000","54,169,000","52,390,000","49,470,000","47,711,000","46,550,000","45,481,000","42,581,000","40,721,000","38,269,000","36,062,000","33,116,000","29,101,000","25,434,000","21,977,000","19,785,000","18,265,000","17,243,000","15,973,000","15,209,000","13,733,000"
				ConstructionInProgress,"1,721,000","5,634,000","2,124,000","1,997,000","2,207,000","2,354,000","2,378,000","3,213,000","1,214,000","470,000","1,441,000","308,000","488,000","405,000","265,000","140,000","959,000","633,000","3,591,000","1,931,000","4,034,000","5,549,000","4,742,000","135,000","1,022,000","1,039,000","421,000","304,000","343,000","910,000","6,408,000","4,349,000","3,301,000","5,877,000","6,532,000","1,127,000","2,192,000","2,126,000","1,056,000"
				Leases,"32,083,000","30,204,000","30,102,000","30,060,000","30,208,000","30,512,000","30,502,000","30,503,000","30,502,000","31,499,000","31,448,000","31,309,000","31,217,000","31,150,000","31,235,000","31,335,000","31,402,000","31,089,000","36,447,000","36,350,000","32,202,000","30,567,000","30,548,000","30,491,000","29,648,000","29,619,000","29,498,000","29,504,000","29,466,000","28,578,000","24,372,000","23,710,000","23,511,000","21,376,000","19,420,000","19,520,000","19,212,000","19,203,000","19,407,000"
			AccumulatedDepreciation,"-172,638,000","-164,370,000","-156,847,000","-150,415,000","-143,711,000","-138,337,000","-133,023,000","-128,078,000","-123,394,000","-119,902,000","-115,181,000","-110,014,000","-105,229,000","-99,984,000","-97,376,000","-92,663,000","-88,023,000","-83,214,000","-90,012,000","-84,397,000","-79,256,000","-74,026,000","-69,020,000","-63,789,000","-58,601,000","-53,719,000","-49,132,000","-44,789,000","-39,797,000","-35,051,000","-30,339,000","-26,502,000","-23,086,000","-19,842,000","-16,958,000","-14,317,000","-11,679,000","-9,357,000","-7,186,000"
		GoodwillAndOtherIntangibleAssets,"372,106,000","378,814,000","388,129,000","402,538,000","414,330,000","322,159,000","281,952,000","289,110,000","296,272,000","303,636,000","312,486,000","162,720,000","168,530,000","174,154,000","100,090,000","103,174,000","105,296,000","108,795,000","112,294,000","117,278,000",,,,,,,,,,,,,,,,,,,
			Goodwill,"268,531,000","265,924,000","265,924,000","271,018,000","273,494,000","216,915,000","188,397,000","188,397,000","188,277,000","188,277,000","189,696,000","84,968,000","84,968,000","84,781,000","54,855,000","54,855,000","53,684,000","53,684,000","53,684,000","55,168,000",,,,,,,,,,,,,,,,,,,
			OtherIntangibleAssets,"103,575,000","112,890,000","122,205,000","131,520,000","140,836,000","105,244,000","93,555,000","100,713,000","107,995,000","115,359,000","122,790,000","77,752,000","83,562,000","89,373,000","45,235,000","48,319,000","51,612,000","55,111,000","58,610,000","62,110,000",,,,,,,,,,,,,,,,,,,
		InvestmentsAndAdvances,"61,788,000","39,401,000","39,468,000","39,677,000","38,263,000","38,625,000","20,247,000","18,247,000","13,647,000","10,314,000","8,314,000","4,150,000","4,150,000","4,150,000","4,150,000","4,150,000","31,486,000","31,486,000","30,336,000","35,036,000","35,036,000","36,136,000","36,136,000","36,136,000","36,136,000","36,136,000","36,136,000","36,136,000","39,136,000","36,636,000","36,636,000","36,636,000","36,636,000","36,636,000","36,636,000","18,000,000",,,
			InvestmentinFinancialAssets,,,,,,,,,,,,,,,,,"31,486,000","31,486,000","30,336,000","35,036,000","35,036,000","36,136,000","36,136,000","36,136,000","36,136,000","36,136,000","36,136,000","36,136,000","39,136,000","36,636,000","36,636,000","36,636,000","36,636,000","36,636,000","36,636,000",,,,
				AvailableForSaleSecurities,,,,,,,,,,,,,,,,,"31,486,000","31,486,000","30,336,000","35,036,000","35,036,000","36,136,000","36,136,000","36,136,000","36,136,000","36,136,000","36,136,000","36,136,000","39,136,000","36,636,000","36,636,000","36,636,000","36,636,000","36,636,000","36,636,000",,,,
			OtherInvestments,,,,,,,,,,,,,,,,,,,,,,,,,,,,,,,,,,,,"18,000,000",,,
		NonCurrentNoteReceivables,,,,,,,,,,,,,,,,,,,,,,,,,,,,,,,,,,,,,,"0","0"
		NonCurrentDeferredAssets,"705,856,000","646,066,000","574,912,000","473,808,000","442,455,000","446,347,000","442,295,000","428,764,000","433,674,000","438,277,000","441,531,000","443,229,000","446,254,000","448,432,000","452,025,000","110,630,000","113,660,000","126,045,000","126,492,000","114,282,000","68,761,000","68,020,000","65,125,000","95,697,000","81,469,000","70,433,000","70,960,000","62,221,000","55,305,000","50,026,000","48,429,000","19,047,000","13,760,000","12,291,000","11,510,000","8,982,000","7,497,000","5,822,000","4,541,000"
			NonCurrentDeferredTaxesAssets,"705,856,000","646,066,000","574,912,000","473,808,000","442,455,000","446,347,000","442,295,000","428,764,000","433,674,000","438,277,000","441,531,000","443,229,000","446,254,000","448,432,000","452,025,000","110,630,000","113,660,000","126,045,000","126,492,000","114,282,000","68,761,000","68,020,000","65,125,000","95,697,000","81,469,000","70,433,000","70,960,000","62,221,000","55,305,000","50,026,000","48,429,000","19,047,000","13,760,000","12,291,000","11,510,000","8,982,000","7,497,000","5,822,000","4,541,000"
		NonCurrentPrepaidAssets,,,,,,,,,,,,,,,,,,,,,,,,,,,,,,,,,,,,"2,578,000","3,806,000","6,008,000","3,212,000"
		OtherNonCurrentAssets,"31,696,000","47,092,000","73,754,000","59,655,000","46,610,000","41,819,000","33,443,000","32,524,000","33,433,000","33,190,000","30,071,000","22,807,000","25,493,000","27,027,000","30,346,000","29,360,000","27,106,000","25,063,000","22,704,000","20,199,000","20,019,000","22,879,000","18,891,000","21,277,000","20,306,000","19,885,000","18,824,000","18,398,000","18,812,000","20,208,000","20,791,000","20,861,000","17,053,000","17,334,000","48,476,000","27,559,000",,"4,040,000","4,040,000"
TotalLiabilitiesNetMinorityInterest,"2,328,459,000","2,213,892,000","1,889,590,000","1,776,792,000","1,818,753,000","1,955,009,000","1,755,829,000","1,572,090,000","1,510,439,000","1,442,392,000","1,418,628,000","1,315,495,000","1,299,368,000","1,263,019,000","1,290,604,000","963,821,000","915,732,000","932,077,000","938,594,000","852,362,000","707,141,000","734,995,000","798,946,000","777,158,000","805,191,000","711,224,000","621,187,000","507,660,000","418,156,000","360,090,000","371,738,000","349,718,000","325,297,000","264,621,000","255,365,000","198,961,000","181,592,000","279,035,000","286,788,000"
	CurrentLiabilities,"1,655,792,000","1,584,909,000","1,293,531,000","1,254,912,000","1,278,026,000","1,369,005,000","1,109,829,000","893,387,000","859,935,000","786,532,000","768,243,000","664,783,000","640,181,000","573,007,000","597,074,000","548,189,000","525,020,000","543,193,000","606,504,000","539,782,000","421,763,000","457,779,000","529,905,000","567,547,000","610,797,000","532,513,000","459,553,000","355,082,000","263,439,000","214,264,000","235,011,000","224,966,000","202,498,000","148,331,000","144,373,000","101,796,000","97,694,000","198,934,000","209,344,000"
		PayablesAndAccruedExpenses,"714,956,000","681,935,000","525,059,000","519,078,000","485,427,000","401,738,000","429,279,000","309,677,000","308,404,000","259,351,000","277,592,000","273,450,000","222,942,000","185,258,000","232,354,000","207,530,000","200,032,000","194,051,000","217,011,000","188,205,000","139,875,000","156,159,000","186,027,000","127,352,000","164,831,000","136,275,000","170,408,000","154,211,000","115,207,000","70,921,000","104,937,000","94,774,000","89,908,000","60,758,000","72,797,000","52,091,000","48,016,000","53,121,000","59,101,000"
			Payables,"351,920,000","330,171,000","232,572,000","278,469,000","275,093,000","204,675,000","202,636,000","135,252,000","145,159,000","136,885,000","134,235,000","163,102,000","122,872,000","84,815,000","92,105,000","78,600,000","86,134,000","89,823,000","93,757,000","85,097,000","53,182,000","70,431,000","52,200,000","32,893,000","80,418,000","60,984,000","79,457,000","78,368,000","60,097,000","26,073,000","43,966,000","36,873,000","47,626,000","32,948,000","32,428,000","19,845,000","20,000,000","7,258,000","14,741,000"
				AccountsPayable,"351,920,000","330,171,000","232,572,000","278,469,000","275,093,000","204,675,000","202,636,000","135,252,000","145,159,000","136,885,000","134,235,000","163,102,000","122,872,000","84,815,000","92,105,000","78,600,000","86,134,000","89,823,000","93,757,000","85,097,000","53,182,000","70,431,000","52,200,000","32,893,000","80,418,000","60,984,000","79,457,000","77,048,000","60,097,000","24,808,000","43,966,000","31,487,000","43,831,000","29,123,000","32,428,000","19,845,000","20,000,000","7,258,000","14,741,000"
				TotalTaxPayable,,,,,,,,,,,"1,870,000","1,866,000","1,851,000","1,843,000","1,716,000",,,"889,000","839,000","770,000","717,000","690,000","794,000","1,315,000","1,280,000","914,000","1,098,000","1,320,000","1,257,000","1,265,000","4,694,000","5,386,000","3,795,000","3,825,000","4,678,000","1,215,000",,,
			CurrentAccruedExpenses,"363,036,000","351,764,000","292,487,000","240,609,000","210,334,000","197,063,000","226,643,000","174,425,000","163,245,000","122,466,000","143,357,000","110,348,000","100,070,000","100,443,000","140,249,000","128,930,000","113,898,000","104,228,000","123,254,000","103,108,000","86,693,000","85,728,000","133,827,000","94,459,000","84,413,000","75,291,000","90,951,000","75,843,000","55,110,000","44,848,000","60,971,000","57,901,000","42,282,000","27,810,000","40,369,000","32,246,000","28,016,000","45,863,000","44,360,000"
				InterestPayable,,,,,,,,,,,,,,,,,,,,,,,,,,,,,,,,,,,"0","0","0","18,930,000","17,451,000"
		CurrentDebtAndCapitalLeaseObligation,,,,,,,,,,,,,,,,,,,,,,,,,,,,,,,"1,336,000","1,269,000","1,207,000","1,147,000","1,087,000",,,"99,085,000","98,793,000"
			CurrentDebt,,,,,,,,,,,,,,,,,,,,,,,,,,,,,,,,,,,,,,"99,085,000","98,793,000"
				OtherCurrentBorrowings,,,,,,,,,,,,,,,,,,,,,,,,,,,,,,,,,,,,,,"99,085,000","98,793,000"
			CurrentCapitalLeaseObligation,,,,,,,,,,,,,,,,,,,,,,,,,,,,,,,"1,336,000","1,269,000","1,207,000","1,147,000","1,087,000",,,,
		CurrentDeferredLiabilities,"624,207,000","671,700,000","637,432,000","607,189,000","697,762,000","778,436,000","593,578,000","511,354,000","482,112,000","457,799,000","396,259,000","321,290,000","328,525,000","332,175,000","312,668,000","291,384,000","272,366,000","304,729,000","358,586,000","318,850,000","262,345,000","274,677,000","327,706,000","423,705,000","426,750,000","383,245,000","273,350,000","191,094,000","138,885,000","135,524,000","122,049,000","124,740,000","107,245,000","81,826,000","60,327,000","40,277,000","37,888,000","36,291,000","41,306,000"
			CurrentDeferredRevenue,"624,207,000","671,700,000","637,432,000","607,189,000","697,762,000","778,436,000","593,578,000","511,354,000","482,112,000","457,799,000","396,259,000","321,290,000","328,525,000","332,175,000","312,668,000","291,384,000","272,366,000","304,729,000","358,586,000","318,850,000","262,345,000","274,677,000","327,706,000","423,705,000","426,750,000","383,245,000","273,350,000","191,094,000","138,885,000","135,524,000","122,049,000","124,740,000","107,245,000","81,826,000","60,327,000","40,277,000","37,888,000","36,291,000","41,306,000"
		OtherCurrentLiabilities,"316,629,000","231,274,000","131,040,000","128,645,000","94,837,000","188,831,000","86,972,000","72,356,000","69,419,000","69,382,000","94,392,000","70,043,000","88,714,000","55,574,000","52,052,000","49,275,000","52,622,000","44,413,000","30,907,000","32,727,000","19,543,000","26,943,000","16,172,000","16,490,000","19,216,000","12,993,000","15,795,000","9,777,000","9,347,000","7,819,000","8,025,000","4,183,000","4,138,000","4,600,000","11,249,000","9,428,000","11,790,000","10,437,000","10,144,000"
	TotalNonCurrentLiabilitiesNetMinorityInterest,"672,667,000","628,983,000","596,059,000","521,880,000","540,727,000","586,004,000","646,000,000","678,703,000","650,504,000","655,860,000","650,385,000","650,712,000","659,187,000","690,012,000","693,530,000","415,632,000","390,712,000","388,884,000","332,090,000","312,580,000","285,378,000","277,216,000","269,041,000","209,611,000","194,394,000","178,711,000","161,634,000","152,578,000","154,717,000","145,826,000","136,727,000","124,752,000","122,799,000","116,290,000","110,992,000","97,165,000","83,898,000","80,101,000","77,444,000"
		LongTermDebtAndCapitalLeaseObligation,"51,702,000","55,291,000","43,964,000","47,067,000","51,793,000","57,474,000","56,527,000","61,628,000","64,295,000","67,770,000","72,397,000","74,903,000","74,259,000","78,502,000","83,022,000","87,099,000","89,705,000","93,616,000","35,431,000","36,040,000","36,594,000","37,138,000","37,673,000","38,199,000","38,672,000","39,136,000","39,593,000","40,041,000","40,438,000","40,827,000","41,210,000","41,587,000","41,912,000","42,232,000","42,547,000","42,831,000","43,108,000","43,367,000","43,152,000"
			LongTermCapitalLeaseObligation,"51,702,000","55,291,000","43,964,000","47,067,000","51,793,000","57,474,000","56,527,000","61,628,000","64,295,000","67,770,000","72,397,000","74,903,000","74,259,000","78,502,000","83,022,000","87,099,000","89,705,000","93,616,000","35,431,000","36,040,000","36,594,000","37,138,000","37,673,000","38,199,000","38,672,000","39,136,000","39,593,000","40,041,000","40,438,000","40,827,000","41,210,000","41,587,000","41,912,000","42,232,000","42,547,000","42,831,000","43,108,000","43,367,000","43,152,000"
		NonCurrentDeferredLiabilities,"460,697,000","420,574,000","403,856,000","333,855,000","349,175,000","396,361,000","464,808,000","503,347,000","480,724,000","488,156,000","482,504,000","488,726,000","500,278,000","514,904,000","517,330,000","237,628,000","229,852,000","231,742,000","228,641,000","211,005,000","186,299,000","181,377,000","187,556,000","141,440,000","127,760,000","113,925,000","99,585,000","93,741,000","91,439,000","83,696,000","74,759,000","65,966,000","57,198,000","50,998,000","46,141,000",,,,
			NonCurrentDeferredTaxesLiabilities,,,"42,000","0","13,447,000","51,051,000","129,074,000","214,261,000","216,746,000","225,924,000","227,936,000","247,712,000","251,292,000","250,304,000","254,710,000",,,,,,,,,,,,,,,,,,,,,,,,
			NonCurrentDeferredRevenue,"460,697,000","420,574,000","403,814,000","333,855,000","335,728,000","345,310,000","335,734,000","289,086,000","263,978,000","262,232,000","254,568,000","241,014,000","248,986,000","264,600,000","262,620,000","237,628,000","229,852,000","231,742,000","228,641,000","211,005,000","186,299,000","181,377,000","187,556,000","141,440,000","127,760,000","113,925,000","99,585,000","93,741,000","91,439,000","83,696,000","74,759,000","65,966,000","57,198,000","50,998,000","46,141,000",,,,
		TradeandOtherPayablesNonCurrent,"98,722,000","94,733,000","89,839,000","82,167,000","79,422,000","74,497,000","69,916,000","62,563,000","57,977,000","55,314,000","53,053,000","47,918,000","45,971,000","58,507,000","55,485,000","60,278,000","45,804,000","37,925,000","36,167,000","42,470,000","40,369,000","37,358,000","34,067,000","22,161,000","19,970,000","17,581,000","14,498,000","11,896,000","16,086,000","14,918,000","14,060,000","11,188,000","17,850,000","17,502,000","17,323,000","15,022,000","15,072,000","14,890,000","14,716,000"
		OtherNonCurrentLiabilities,"61,546,000","58,385,000","58,400,000","58,791,000","60,337,000","57,672,000","54,749,000","51,165,000","47,508,000","44,620,000","42,431,000","39,165,000","38,679,000","38,099,000","37,693,000","30,627,000","25,351,000","25,601,000","31,851,000","23,065,000","22,116,000","21,343,000","9,745,000","7,811,000","7,992,000","8,069,000","7,958,000","6,900,000","6,754,000","6,385,000","6,698,000","6,011,000","5,839,000","5,558,000","51,122,000","39,312,000","25,718,000","21,844,000","19,576,000"
TotalEquityGrossMinorityInterest,"5,857,582,000","5,329,174,000","4,885,820,000","4,385,218,000","4,005,792,000","4,153,177,000","3,978,600,000","3,865,260,000","3,697,841,000","3,451,338,000","3,320,291,000","3,083,877,000","3,036,483,000","2,848,826,000","2,894,686,000","2,656,004,000","2,525,560,000","2,400,367,000","2,143,389,000","1,945,876,000","2,025,950,000","1,845,039,000","1,661,914,000","1,524,552,000","1,357,749,000","1,228,374,000","1,107,820,000","1,011,420,000","916,832,000","849,857,000","788,152,000","723,174,000","665,542,000","610,471,000","555,658,000","492,922,000","461,186,000","96,428,000","77,732,000"
	StockholdersEquity,"5,857,582,000","5,329,174,000","4,885,820,000","4,385,218,000","4,005,792,000","4,153,177,000","3,978,600,000","3,865,260,000","3,697,841,000","3,451,338,000","3,320,291,000","3,083,877,000","3,036,483,000","2,848,826,000","2,894,686,000","2,656,004,000","2,525,560,000","2,400,367,000","2,143,389,000","1,945,876,000","2,025,950,000","1,845,039,000","1,661,914,000","1,524,552,000","1,357,749,000","1,228,374,000","1,107,820,000","1,011,420,000","916,832,000","849,857,000","788,152,000","723,174,000","665,542,000","610,471,000","555,658,000","492,922,000","461,186,000","96,428,000","77,732,000"
		CapitalStock,"31,000","31,000","31,000","31,000","30,000","31,000","31,000","8,000","8,000","8,000","8,000","8,000","8,000","8,000","8,000","8,000","8,000","8,000","8,000","8,000","8,000","8,000","7,000","7,000","7,000","7,000","7,000","7,000","7,000","7,000","7,000","7,000","7,000","7,000","7,000","7,000","7,000","6,000","5,995,000"
			PreferredStock,"0","0","0","0",,"0","0","0","0","0","0","0","0","0","0","0","0","0","0","0",,"0","0","0","0","0","0","0","0","0","0","0","0","0","0","0","0","0","5,992,000"
			CommonStock,"31,000","31,000","31,000","31,000","30,000","31,000","31,000","8,000","8,000","8,000","8,000","8,000","8,000","8,000","8,000","8,000","8,000","8,000","8,000","8,000","8,000","8,000","7,000","7,000","7,000","7,000","7,000","7,000","7,000","7,000","7,000","7,000","7,000","7,000","7,000","7,000","7,000","6,000","3,000"
		AdditionalPaidInCapital,"1,927,697,000","1,857,467,000","1,780,714,000","1,717,605,000","1,638,787,000","1,590,793,000","1,530,046,000","1,473,595,000","1,395,459,000","1,345,569,000","1,292,431,000","1,240,147,000","1,185,093,000","1,149,224,000","1,106,305,000","1,076,732,000","1,038,740,000","1,005,405,000","956,572,000","929,829,000","872,559,000","841,431,000","804,731,000","770,339,000","737,436,000","711,123,000","674,183,000","636,074,000","592,465,000","564,342,000","537,904,000","516,607,000","487,376,000","456,509,000","426,171,000","394,186,000","384,253,000","41,126,000","28,737,000"
		RetainedEarnings,"3,955,062,000","3,493,181,000","3,138,983,000","2,714,711,000","2,408,294,000","2,592,854,000","2,456,823,000","2,393,661,000","2,303,513,000","2,106,625,000","2,027,614,000","1,844,656,000","1,843,559,000","1,698,766,000","1,788,230,000","1,579,063,000","1,484,777,000","1,395,534,000","1,190,803,000","1,020,481,000","1,157,934,000","1,007,226,000","859,114,000","755,281,000","621,559,000","518,874,000","435,105,000","376,322,000","325,065,000","286,161,000","250,915,000","206,991,000","178,302,000","154,306,000","129,814,000","98,777,000","76,911,000","55,293,000","42,964,000"
		GainsLossesNotAffectingRetainedEarnings,"-25,208,000","-21,505,000","-33,908,000","-47,129,000","-41,319,000","-30,501,000","-8,300,000","-2,004,000","-1,139,000","-864,000","238,000","-934,000","7,823,000","828,000","143,000","201,000","2,035,000","-580,000","-3,994,000","-4,442,000","-4,551,000","-3,626,000","-1,938,000","-1,075,000","-1,253,000","-1,630,000","-1,475,000","-983,000","-705,000","-653,000","-674,000","-431,000","-143,000","-351,000","-334,000","-48,000","15,000","3,000","36,000"
			OtherEquityAdjustments,"-25,208,000","-21,505,000","-33,908,000","-47,129,000","-41,319,000","-30,501,000","-8,300,000","-2,004,000","-1,139,000","-864,000","238,000","-934,000","7,823,000","828,000","143,000","201,000","2,035,000","-580,000","-3,994,000","-4,442,000","-4,551,000","-3,626,000","-1,938,000","-1,075,000","-1,253,000","-1,630,000","-1,475,000","-983,000","-705,000","-653,000","-674,000","-431,000","-143,000","-351,000","-334,000","-48,000","15,000","3,000","36,000"
TotalCapitalization,"5,857,582,000","5,329,174,000","4,885,820,000","4,385,218,000","4,005,792,000","4,153,177,000","3,978,600,000","3,865,260,000","3,697,841,000","3,451,338,000","3,320,291,000","3,083,877,000","3,036,483,000","2,848,826,000","2,894,686,000","2,656,004,000","2,525,560,000","2,400,367,000","2,143,389,000","1,945,876,000","2,025,950,000","1,845,039,000","1,661,914,000","1,524,552,000","1,357,749,000","1,228,374,000","1,107,820,000","1,011,420,000","916,832,000","849,857,000","788,152,000","723,174,000","665,542,000","610,471,000","555,658,000","492,922,000","461,186,000","96,428,000","77,732,000"
PreferredStockEquity,,,,,,,,,,,,,,,,,,,,,,,,,,,,,,,,,,,,,,,"5,992,000"
CommonStockEquity,"5,857,582,000","5,329,174,000","4,885,820,000","4,385,218,000","4,005,792,000","4,153,177,000","3,978,600,000","3,865,260,000","3,697,841,000","3,451,338,000","3,320,291,000","3,083,877,000","3,036,483,000","2,848,826,000","2,894,686,000","2,656,004,000","2,525,560,000","2,400,367,000","2,143,389,000","1,945,876,000","2,025,950,000","1,845,039,000","1,661,914,000","1,524,552,000","1,357,749,000","1,228,374,000","1,107,820,000","1,011,420,000","916,832,000","849,857,000","788,152,000","723,174,000","665,542,000","610,471,000","555,658,000","492,922,000","461,186,000","96,428,000","71,740,000"
CapitalLeaseObligations,"51,702,000","55,291,000","43,964,000","47,067,000","51,793,000","57,474,000","56,527,000","61,628,000","64,295,000","67,770,000","72,397,000","74,903,000","74,259,000","78,502,000","83,022,000","87,099,000","89,705,000","93,616,000","35,431,000","36,040,000","36,594,000","37,138,000","37,673,000","38,199,000","38,672,000","39,136,000","39,593,000","40,041,000","40,438,000","40,827,000","41,210,000","42,856,000","43,119,000","43,379,000","42,547,000","42,831,000","43,108,000","43,367,000","43,152,000"
NetTangibleAssets,"5,485,476,000","4,950,360,000","4,497,691,000","3,982,680,000","3,591,462,000","3,831,018,000","3,696,648,000","3,576,150,000","3,401,569,000","3,147,702,000","3,007,805,000","2,921,157,000","2,867,953,000","2,674,672,000","2,794,596,000","2,552,830,000","2,420,264,000","2,291,572,000","2,031,095,000","1,828,598,000","2,025,950,000","1,845,039,000","1,661,914,000","1,524,552,000","1,357,749,000","1,228,374,000","1,107,820,000","1,011,420,000","916,832,000","849,857,000","788,152,000","723,174,000","665,542,000","610,471,000","555,658,000","492,922,000","461,186,000","96,428,000","77,732,000"
WorkingCapital,"5,195,765,000","4,685,624,000","4,257,217,000","3,776,766,000","3,451,169,000","3,736,169,000","3,702,847,000","3,630,571,000","3,468,460,000","3,216,363,000","3,068,755,000","2,989,084,000","2,936,697,000","2,763,892,000","2,874,562,000","2,692,231,000","2,503,498,000","2,357,781,000","2,108,298,000","1,896,264,000","2,113,776,000","1,921,395,000","1,736,524,000","1,507,992,000","1,338,392,000","1,204,312,000","1,066,573,000","969,096,000","878,615,000","808,869,000","739,317,000","696,134,000","647,714,000","587,713,000","535,106,000","486,555,000","464,982,000","93,033,000","76,179,000"
InvestedCapital,"5,857,582,000","5,329,174,000","4,885,820,000","4,385,218,000","4,005,792,000","4,153,177,000","3,978,600,000","3,865,260,000","3,697,841,000","3,451,338,000","3,320,291,000","3,083,877,000","3,036,483,000","2,848,826,000","2,894,686,000","2,656,004,000","2,525,560,000","2,400,367,000","2,143,389,000","1,945,876,000","2,025,950,000","1,845,039,000","1,661,914,000","1,524,552,000","1,357,749,000","1,228,374,000","1,107,820,000","1,011,420,000","916,832,000","849,857,000","788,152,000","723,174,000","665,542,000","610,471,000","555,658,000","492,922,000","461,186,000","195,513,000","170,533,000"
TangibleBookValue,"5,485,476,000","4,950,360,000","4,497,691,000","3,982,680,000","3,591,462,000","3,831,018,000","3,696,648,000","3,576,150,000","3,401,569,000","3,147,702,000","3,007,805,000","2,921,157,000","2,867,953,000","2,674,672,000","2,794,596,000","2,552,830,000","2,420,264,000","2,291,572,000","2,031,095,000","1,828,598,000","2,025,950,000","1,845,039,000","1,661,914,000","1,524,552,000","1,357,749,000","1,228,374,000","1,107,820,000","1,011,420,000","916,832,000","849,857,000","788,152,000","723,174,000","665,542,000","610,471,000","555,658,000","492,922,000","461,186,000","96,428,000","71,740,000"
TotalDebt,"51,702,000","55,291,000","43,964,000","47,067,000","51,793,000","57,474,000","56,527,000","61,628,000","64,295,000","67,770,000","72,397,000","74,903,000","74,259,000","78,502,000","83,022,000","87,099,000","89,705,000","93,616,000","35,431,000","36,040,000","36,594,000","37,138,000","37,673,000","38,199,000","38,672,000","39,136,000","39,593,000","40,041,000","40,438,000","40,827,000","41,210,000","42,856,000","43,119,000","43,379,000","42,547,000","42,831,000","43,108,000","142,452,000","141,945,000"
ShareIssued,"309,355,000","308,098,000","306,890,000","305,515,000","304,455,000","308,165,000","307,681,000","307,544,000","306,660,000","305,028,000","304,696,000","302,528,000","303,856,000","302,620,000","305,556,000","305,472,000","306,220,000","305,812,000","302,672,000","301,572,000","299,164,000","297,352,000","294,824,000","292,268,000","289,800,000","287,616,000","283,244,000","280,532,000","276,780,000","274,224,000","272,528,000","270,924,000","269,208,000","265,704,000","262,112,000","257,700,000","257,544,000","254,329,664","254,329,664"
OrdinarySharesNumber,"309,355,000","308,098,000","306,890,000","305,515,000","304,455,000","308,165,000","307,681,000","307,544,000","306,660,000","305,028,000","304,696,000","302,528,000","303,856,000","302,620,000","305,556,000","305,472,000","306,220,000","305,812,000","302,672,000","301,572,000","299,164,000","297,352,000","294,824,000","292,268,000","289,800,000","287,616,000","283,244,000","280,532,000","276,780,000","274,224,000","272,528,000","270,924,000","269,208,000","265,704,000","262,112,000","257,700,000","257,544,000","254,329,664","254,329,664"