name,06/30/2023,03/31/2023,12/31/2022,09/30/2022,06/30/2022,03/31/2022,12/31/2021,09/30/2021,06/30/2021,03/31/2021,12/31/2020,09/30/2020,06/30/2020,03/31/2020,12/31/2019,09/30/2019,06/30/2019,03/31/2019,12/31/2018,09/30/2018,06/30/2018,03/31/2018,12/31/2017,09/30/2017,06/30/2017,03/31/2017,12/31/2016,09/30/2016,06/30/2016,03/31/2016,12/31/2015,09/30/2015,06/30/2015,03/31/2015,12/31/2014,09/30/2014,06/30/2014,03/31/2014,12/31/2013,09/30/2013,06/30/2013,03/31/2013,12/31/2012,09/30/2012,06/30/2012,03/31/2012,12/31/2011,09/30/2011,06/30/2011,03/31/2011,12/31/2010
TotalAssets,"22,098,000,000","21,716,000,000","21,901,000,000","19,971,000,000","19,908,000,000","20,404,000,000","18,007,000,000","17,651,000,000","17,780,000,000","17,476,000,000","17,522,000,000","16,444,000,000","15,280,000,000","16,167,000,000","13,459,000,000","12,939,000,000","13,108,000,000","13,019,000,000","12,480,000,000","12,327,000,000","12,316,000,000","12,560,000,000","12,169,000,000","14,166,000,000","13,056,000,000","12,497,000,000","12,292,000,000","12,122,000,000","11,957,000,000","12,071,000,000","11,973,000,000","10,792,000,000","10,809,000,000","10,464,000,000","10,746,000,000","10,923,000,000","11,452,000,000","11,182,000,000","11,047,000,000","10,811,000,000","10,551,000,000","10,273,000,000","10,176,000,000","9,639,000,000","9,437,000,000","9,688,000,000","9,128,000,000","9,184,000,000","9,627,000,000","9,724,000,000","11,082,000,000"
	CurrentAssets,"8,072,000,000","7,725,000,000","7,784,000,000","10,983,000,000","10,558,000,000","10,774,000,000","8,436,000,000","8,104,000,000","8,055,000,000","7,801,000,000","7,465,000,000","6,589,000,000","5,412,000,000","6,190,000,000","5,319,000,000","5,385,000,000","4,854,000,000","4,819,000,000","4,777,000,000","5,204,000,000","5,340,000,000","5,926,000,000","5,641,000,000","6,710,000,000","5,849,000,000","5,487,000,000","5,419,000,000","5,147,000,000","5,051,000,000","5,082,000,000","5,121,000,000","5,054,000,000","5,934,000,000","5,687,000,000","5,224,000,000","5,682,000,000","6,082,000,000","5,880,000,000","5,752,000,000","5,787,000,000","5,633,000,000","5,387,000,000","5,227,000,000","5,897,000,000","5,850,000,000","6,016,000,000","5,501,000,000","5,673,000,000","5,957,000,000","6,133,000,000","7,666,000,000"
		CashCashEquivalentsAndShortTermInvestments,"1,302,000,000","1,100,000,000","1,531,000,000","4,850,000,000","4,670,000,000","4,877,000,000","3,139,000,000","2,741,000,000","2,926,000,000","2,830,000,000","2,821,000,000","2,122,000,000","1,885,000,000","2,055,000,000","412,000,000","341,000,000","365,000,000","321,000,000","567,000,000","771,000,000","970,000,000","1,345,000,000","1,596,000,000","557,000,000","792,000,000","547,000,000","838,000,000","395,000,000","437,000,000","463,000,000","535,000,000","434,000,000","1,171,000,000","558,000,000","904,000,000","1,026,000,000","1,166,000,000","978,000,000","1,389,000,000","1,053,000,000","1,001,000,000","830,000,000","1,105,000,000","1,634,000,000","1,523,000,000","1,412,000,000","1,363,000,000","1,252,000,000","1,322,000,000","1,633,000,000","3,769,000,000"
			CashAndCashEquivalents,"1,302,000,000","1,100,000,000","1,531,000,000","4,850,000,000","4,670,000,000","4,877,000,000","3,139,000,000","2,741,000,000","2,926,000,000","2,830,000,000","2,821,000,000","2,122,000,000","1,885,000,000","2,055,000,000","412,000,000","341,000,000","365,000,000","321,000,000","567,000,000","771,000,000","970,000,000","1,345,000,000","1,596,000,000","557,000,000","792,000,000","547,000,000","838,000,000","395,000,000","437,000,000","463,000,000","535,000,000","434,000,000","1,171,000,000","558,000,000","904,000,000","1,026,000,000","1,166,000,000","978,000,000","1,389,000,000","1,053,000,000","1,001,000,000","830,000,000","1,105,000,000","1,634,000,000","1,523,000,000","1,412,000,000","1,363,000,000","1,252,000,000","1,322,000,000","1,633,000,000","3,769,000,000"
				CashEquivalents,,,,,,,,,,,,,,,,,,,,,,,,,,,,,,,,,,,,,,,,,,,,,,,,"1,252,000,000","1,322,000,000","1,633,000,000","3,769,000,000"
		Receivables,"4,025,000,000","3,564,000,000","3,433,000,000","3,366,000,000","3,304,000,000","3,313,000,000","2,784,000,000","2,954,000,000","2,928,000,000","3,048,000,000","2,812,000,000","2,620,000,000","2,091,000,000","2,567,000,000","2,569,000,000","2,935,000,000","2,982,000,000","3,008,000,000","2,487,000,000","2,893,000,000","2,944,000,000","3,174,000,000","2,440,000,000","3,534,000,000","3,418,000,000","3,410,000,000","2,938,000,000","3,243,000,000","3,155,000,000","3,192,000,000","2,750,000,000","2,864,000,000","2,700,000,000","2,908,000,000","2,628,000,000","3,101,000,000","3,329,000,000","3,340,000,000","2,662,000,000","3,155,000,000","3,125,000,000","3,048,000,000","2,425,000,000","2,540,000,000","2,635,000,000","2,854,000,000","2,459,000,000","2,644,000,000","2,865,000,000","2,794,000,000","2,307,000,000"
			AccountsReceivable,"3,729,000,000","3,564,000,000","3,433,000,000","3,366,000,000","3,028,000,000","3,054,000,000","2,784,000,000","2,715,000,000","2,654,000,000","2,798,000,000","2,812,000,000","2,620,000,000","1,834,000,000","2,308,000,000","2,569,000,000","2,661,000,000","2,679,000,000","2,736,000,000","2,487,000,000","2,635,000,000","2,598,000,000","2,646,000,000","2,440,000,000","3,225,000,000","3,127,000,000","3,132,000,000","2,938,000,000","2,983,000,000","2,900,000,000","2,934,000,000","2,750,000,000","2,615,000,000","2,700,000,000","2,677,000,000","2,628,000,000","2,839,000,000","3,049,000,000","3,066,000,000","2,662,000,000","2,856,000,000","2,868,000,000","2,795,000,000","2,425,000,000","2,540,000,000","2,635,000,000","2,854,000,000","2,459,000,000","2,644,000,000","2,865,000,000","2,794,000,000","2,307,000,000"
				GrossAccountsReceivable,"3,778,000,000","3,614,000,000","3,485,000,000","3,419,000,000","3,071,000,000","3,092,000,000","2,821,000,000","2,764,000,000","2,698,000,000","2,841,000,000",,"2,678,000,000","1,886,000,000","2,346,000,000",,,,,,,,,,,,,,,,,,,,,,,,,,,,,,,,,,,,,
				AllowanceForDoubtfulAccountsReceivable,"-49,000,000","-50,000,000","-52,000,000","-53,000,000","-43,000,000","-38,000,000","-37,000,000","-49,000,000","-44,000,000","-43,000,000",,"-58,000,000","-52,000,000","-38,000,000",,,,,,,,,,,,,,,,,,,,,,,,,,,,,,,,,,,,,
			NotesReceivable,"6,000,000","6,000,000","8,000,000","5,000,000","7,000,000","7,000,000","16,000,000","7,000,000","8,000,000","8,000,000","8,000,000","5,000,000","7,000,000","10,000,000","10,000,000","8,000,000","20,000,000","35,000,000","43,000,000","30,000,000","25,000,000","15,000,000","16,000,000","43,000,000","36,000,000","27,000,000","43,000,000","16,000,000","27,000,000","27,000,000","25,000,000","24,000,000","45,000,000","29,000,000","29,000,000","21,000,000","40,000,000","32,000,000","45,000,000","44,000,000","45,000,000","37,000,000","22,000,000",,,,,,,,
			TaxesReceivable,"244,000,000","223,000,000","207,000,000","235,000,000","269,000,000","252,000,000","232,000,000","232,000,000","266,000,000","242,000,000","196,000,000","295,000,000","250,000,000","249,000,000","250,000,000","266,000,000","283,000,000","237,000,000","258,000,000","205,000,000","218,000,000","224,000,000","206,000,000","266,000,000","255,000,000","251,000,000","218,000,000","244,000,000","228,000,000","231,000,000","242,000,000","225,000,000","213,000,000","202,000,000","227,000,000","241,000,000","240,000,000","242,000,000","234,000,000","255,000,000","212,000,000","216,000,000","241,000,000",,,,,,,,
			OtherReceivables,"46,000,000","35,000,000","24,000,000",,,,,,,,,,,,,,,,"7,000,000","23,000,000","103,000,000","289,000,000","123,000,000",,,,,,,,,,,,,,,,,,,,,,,,,,,,
		Inventory,"2,380,000,000","2,485,000,000","2,340,000,000","2,306,000,000","2,362,000,000","2,312,000,000","2,014,000,000","2,119,000,000","1,801,000,000","1,525,000,000","1,297,000,000","1,229,000,000","1,212,000,000","1,363,000,000","1,286,000,000","1,345,000,000","1,304,000,000","1,326,000,000","1,277,000,000","1,358,000,000","1,265,000,000","1,202,000,000","1,083,000,000","1,642,000,000","1,485,000,000","1,375,000,000","1,232,000,000","1,375,000,000","1,318,000,000","1,287,000,000","1,181,000,000","1,187,000,000","1,150,000,000","1,081,000,000","1,104,000,000","1,227,000,000","1,262,000,000","1,235,000,000","1,093,000,000","1,233,000,000","1,162,000,000","1,148,000,000","1,066,000,000","1,121,000,000","1,106,000,000","1,137,000,000","1,054,000,000","1,146,000,000","1,139,000,000","1,088,000,000","988,000,000"
			RawMaterials,"1,558,000,000","1,649,000,000","1,570,000,000","1,619,000,000","1,626,000,000","1,574,000,000","1,311,000,000","1,347,000,000","1,096,000,000","914,000,000","745,000,000","718,000,000","714,000,000","793,000,000","706,000,000","756,000,000","733,000,000","761,000,000","724,000,000","772,000,000","725,000,000","675,000,000","584,000,000","855,000,000","789,000,000","739,000,000","649,000,000","739,000,000","692,000,000","696,000,000","634,000,000","684,000,000","626,000,000","629,000,000","622,000,000","681,000,000","691,000,000","695,000,000","584,000,000","675,000,000","652,000,000","626,000,000","586,000,000","613,000,000","602,000,000","620,000,000","594,000,000","649,000,000","654,000,000","629,000,000","544,000,000"
			WorkInProcess,"188,000,000","187,000,000","164,000,000","140,000,000","168,000,000","159,000,000","172,000,000","182,000,000","172,000,000","135,000,000","111,000,000","107,000,000","98,000,000","107,000,000","102,000,000","103,000,000","108,000,000","107,000,000","101,000,000","105,000,000","109,000,000","107,000,000","100,000,000","152,000,000","129,000,000","118,000,000","113,000,000","117,000,000","110,000,000","110,000,000","98,000,000","96,000,000","112,000,000","86,000,000","117,000,000","145,000,000","155,000,000","145,000,000","142,000,000","145,000,000","135,000,000","135,000,000","128,000,000","141,000,000","132,000,000","149,000,000","144,000,000","157,000,000","160,000,000","156,000,000","159,000,000"
			FinishedGoods,"634,000,000","649,000,000","606,000,000","547,000,000","568,000,000","579,000,000","531,000,000","590,000,000","533,000,000","476,000,000","441,000,000","404,000,000","400,000,000","463,000,000","478,000,000","486,000,000","463,000,000","458,000,000","452,000,000","481,000,000","431,000,000","420,000,000","399,000,000","635,000,000","567,000,000","518,000,000","470,000,000","519,000,000","516,000,000","481,000,000","449,000,000","407,000,000","412,000,000","366,000,000","365,000,000","401,000,000","416,000,000","395,000,000","367,000,000","413,000,000","375,000,000","387,000,000","352,000,000","367,000,000","372,000,000","368,000,000","316,000,000","340,000,000","325,000,000","303,000,000","285,000,000"
		PrepaidAssets,"88,000,000","98,000,000","82,000,000","70,000,000","76,000,000","88,000,000","69,000,000","70,000,000","72,000,000","91,000,000","52,000,000","68,000,000","76,000,000","86,000,000","92,000,000","87,000,000","82,000,000","93,000,000","84,000,000","100,000,000","103,000,000","124,000,000","112,000,000","90,000,000","70,000,000","78,000,000","74,000,000","63,000,000","68,000,000","77,000,000","86,000,000","105,000,000","85,000,000","62,000,000","68,000,000","71,000,000","61,000,000","68,000,000","68,000,000","86,000,000","77,000,000","84,000,000","101,000,000",,,,,,,,
		RestrictedCash,,,,"4,000,000",,,"0","52,000,000","52,000,000","52,000,000","32,000,000","32,000,000","32,000,000","32,000,000","16,000,000","16,000,000","16,000,000","1,000,000","1,000,000","1,000,000","1,000,000","1,000,000","1,000,000","797,000,000","1,000,000","1,000,000","1,000,000","2,000,000","1,000,000","1,000,000","1,000,000","2,000,000","1,000,000","1,000,000","1,000,000","2,000,000","5,000,000","7,000,000","4,000,000","5,000,000","5,000,000","4,000,000","8,000,000","11,000,000","12,000,000","13,000,000","9,000,000","10,000,000","17,000,000","22,000,000","47,000,000"
		CurrentDeferredAssets,"107,000,000","95,000,000","90,000,000","99,000,000","107,000,000","107,000,000","110,000,000","106,000,000","181,000,000","175,000,000","169,000,000","181,000,000","89,000,000","67,000,000","101,000,000","98,000,000","63,000,000","44,000,000","47,000,000","63,000,000","50,000,000","44,000,000","33,000,000","52,000,000","53,000,000","57,000,000","63,000,000","64,000,000","67,000,000","62,000,000","55,000,000","247,000,000","231,000,000","216,000,000","242,000,000","210,000,000","211,000,000","226,000,000","219,000,000","226,000,000","228,000,000","211,000,000","217,000,000",,,,,,,,
			CurrentDeferredTaxesAssets,,,,,,,,,,,,,,,,,,,,,,,,,,,,,,,"0","177,000,000","174,000,000","168,000,000","182,000,000","144,000,000","142,000,000","154,000,000","133,000,000","153,000,000","157,000,000","145,000,000","148,000,000",,,,,,,,
		AssetsHeldForSaleCurrent,,,,,,,,,,,"0","0","0","0","532,000,000","525,000,000",,,,,,,"0",,,,"0",,"0","0","223,000,000","187,000,000","316,000,000","837,000,000",,,,,,,,,,,,,,,,,
		HedgingAssetsCurrent,"152,000,000","92,000,000","44,000,000","20,000,000","10,000,000","47,000,000","38,000,000","29,000,000","63,000,000","49,000,000","48,000,000","12,000,000","1,000,000","0","30,000,000","15,000,000","15,000,000","5,000,000","6,000,000","17,000,000","7,000,000","34,000,000","30,000,000","36,000,000","29,000,000","19,000,000","11,000,000","4,000,000","4,000,000",,,"5,000,000",,"1,000,000","0","22,000,000","14,000,000","4,000,000","15,000,000","9,000,000","12,000,000","39,000,000","21,000,000",,,,,,,,
		OtherCurrentAssets,"18,000,000","576,000,000","480,000,000","457,000,000","29,000,000","30,000,000","499,000,000","33,000,000","32,000,000","31,000,000","503,000,000","586,000,000","26,000,000","20,000,000","504,000,000","23,000,000","27,000,000","21,000,000","445,000,000","1,000,000","50,000,000","2,000,000","521,000,000","2,000,000","1,000,000","57,000,000","410,000,000","1,000,000","1,000,000","62,000,000","431,000,000","23,000,000","596,000,000","23,000,000","587,000,000","23,000,000","34,000,000","22,000,000","604,000,000","20,000,000","23,000,000","23,000,000","623,000,000","591,000,000","574,000,000","600,000,000","616,000,000","621,000,000","614,000,000","596,000,000","555,000,000"
	TotalNonCurrentAssets,"14,026,000,000","13,991,000,000","14,117,000,000","8,988,000,000","9,350,000,000","9,630,000,000","9,571,000,000","9,547,000,000","9,725,000,000","9,675,000,000","10,057,000,000","9,855,000,000","9,868,000,000","9,977,000,000","8,140,000,000","7,554,000,000","8,254,000,000","8,200,000,000","7,703,000,000","7,123,000,000","6,976,000,000","6,634,000,000","6,528,000,000","7,456,000,000","7,207,000,000","7,010,000,000","6,873,000,000","6,975,000,000","6,906,000,000","6,989,000,000","6,852,000,000","5,738,000,000","4,875,000,000","4,777,000,000","5,522,000,000","5,241,000,000","5,370,000,000","5,302,000,000","5,295,000,000","5,024,000,000","4,918,000,000","4,886,000,000","4,949,000,000","3,742,000,000","3,587,000,000","3,672,000,000","3,627,000,000","3,511,000,000","3,670,000,000","3,591,000,000","3,416,000,000"
		NetPPE,"4,062,000,000","3,988,000,000","3,946,000,000","3,563,000,000","3,625,000,000","3,672,000,000","3,677,000,000","3,574,000,000","3,571,000,000","3,523,000,000","3,681,000,000","3,598,000,000","3,573,000,000","3,642,000,000","3,722,000,000","3,556,000,000","3,681,000,000","3,652,000,000","3,179,000,000","3,056,000,000","2,972,000,000","2,890,000,000","2,804,000,000","3,819,000,000","3,671,000,000","3,569,000,000","3,515,000,000","3,522,000,000","3,430,000,000","3,446,000,000","3,377,000,000","3,010,000,000","2,988,000,000","2,905,000,000","3,343,000,000","3,273,000,000","3,311,000,000","3,251,000,000","3,216,000,000","2,982,000,000","2,875,000,000","2,843,000,000","2,860,000,000","2,466,000,000","2,367,000,000","2,403,000,000","2,315,000,000","2,185,000,000","2,231,000,000","2,162,000,000","2,067,000,000"
			GrossPPE,"4,062,000,000","3,988,000,000","3,946,000,000","3,563,000,000","3,625,000,000","3,672,000,000","3,677,000,000","3,574,000,000","3,571,000,000","3,523,000,000","3,681,000,000","3,598,000,000","3,573,000,000","3,642,000,000","3,722,000,000","3,556,000,000","3,681,000,000","3,652,000,000","5,343,000,000",,,,"4,602,000,000",,,,"5,773,000,000",,,,"5,321,000,000",,,,"5,203,000,000",,,,"4,806,000,000",,,,"4,043,000,000",,,,"3,122,000,000",,,,"2,554,000,000"
				Properties,"3,592,000,000","3,545,000,000","3,495,000,000","3,157,000,000","3,211,000,000",,"3,294,000,000","3,193,000,000","3,193,000,000","3,164,000,000","3,301,000,000","3,223,000,000","3,196,000,000","3,249,000,000","3,309,000,000","3,145,000,000","3,248,000,000","3,218,000,000","0",,,,"0",,,,"0",,,,"0",,,,"0",,,,"0",,,,"0",,,,"0",,,,"0"
				LandAndImprovements,,,"279,000,000",,,,"268,000,000",,,,"256,000,000",,,,"244,000,000",,,,"248,000,000",,,,"197,000,000",,,,"293,000,000",,,,"299,000,000",,,,"268,000,000",,,,"272,000,000",,,,"262,000,000",,,,"245,000,000",,,,"242,000,000"
				BuildingsAndImprovements,,,"699,000,000",,,,"679,000,000",,,,"691,000,000",,,,"646,000,000",,,,"582,000,000",,,,"505,000,000",,,,"656,000,000",,,,"652,000,000",,,,"660,000,000",,,,"665,000,000",,,,"710,000,000",,,,"504,000,000",,,,"492,000,000"
				MachineryFurnitureEquipment,,,"6,134,000,000",,,,"5,701,000,000",,,,"5,401,000,000",,,,"4,705,000,000",,,,"4,156,000,000",,,,"3,570,000,000",,,,"4,471,000,000",,,,"4,055,000,000",,,,"3,893,000,000",,,,"3,525,000,000",,,,"2,806,000,000",,,,"2,138,000,000",,,,"1,574,000,000"
				OtherProperties,"470,000,000","443,000,000","451,000,000","406,000,000","414,000,000","3,672,000,000","383,000,000","3,574,000,000","378,000,000","359,000,000","380,000,000","375,000,000","377,000,000","393,000,000","413,000,000","411,000,000","433,000,000","434,000,000",,,,,,,,,,,,,,,,,,,,,,,,,,,,,,,,,
				ConstructionInProgress,,,"463,000,000",,,,"365,000,000",,,,"263,000,000",,,,"322,000,000",,,,"357,000,000",,,,"330,000,000",,,,"353,000,000",,,,"315,000,000",,,,"382,000,000",,,,"344,000,000",,,,"265,000,000",,,,"235,000,000",,,,"246,000,000"
			AccumulatedDepreciation,,,"-4,080,000,000",,,,"-3,719,000,000",,,,"-3,310,000,000",,,,"-2,608,000,000",,,,"-2,164,000,000",,,,"-1,798,000,000",,,,"-2,258,000,000",,,,"-1,944,000,000",,,,"-1,860,000,000",,,,"-1,590,000,000",,,,"-1,183,000,000",,,,"-807,000,000",,,,"-487,000,000"
		GoodwillAndOtherIntangibleAssets,"7,627,000,000","7,633,000,000","7,708,000,000","3,080,000,000","3,268,000,000","3,403,000,000","3,475,000,000","3,477,000,000","3,568,000,000","3,536,000,000","3,671,000,000","3,574,000,000","3,505,000,000","3,521,000,000","3,593,000,000","3,264,000,000","3,822,000,000","3,837,000,000","3,904,000,000","3,378,000,000","3,402,000,000","3,184,000,000","3,163,000,000","2,883,000,000","2,860,000,000","2,801,000,000","2,748,000,000","2,905,000,000","2,916,000,000","2,963,000,000","2,922,000,000","1,304,000,000","1,280,000,000","1,292,000,000","1,402,000,000","1,083,000,000","1,158,000,000","1,190,000,000","1,219,000,000","1,227,000,000","1,224,000,000","1,232,000,000","1,276,000,000","548,000,000","552,000,000","580,000,000","596,000,000","623,000,000","653,000,000","655,000,000","665,000,000"
			Goodwill,"5,140,000,000","5,099,000,000","5,123,000,000","2,274,000,000","2,392,000,000","2,479,000,000","2,511,000,000","2,504,000,000","2,547,000,000","2,503,000,000","2,580,000,000","2,479,000,000","2,401,000,000","2,389,000,000","2,407,000,000","2,136,000,000","2,517,000,000","2,503,000,000","2,524,000,000","2,162,000,000","2,157,000,000","1,980,000,000","1,944,000,000","1,670,000,000","1,628,000,000","1,557,000,000","1,508,000,000","1,583,000,000","1,571,000,000","1,578,000,000","1,539,000,000","640,000,000","619,000,000","611,000,000","656,000,000","456,000,000","489,000,000","494,000,000","496,000,000","485,000,000","467,000,000","466,000,000","473,000,000",,,,,,,,
			OtherIntangibleAssets,"2,487,000,000","2,534,000,000","2,585,000,000","806,000,000","876,000,000","924,000,000","964,000,000","973,000,000","1,021,000,000","1,033,000,000","1,091,000,000","1,095,000,000","1,104,000,000","1,132,000,000","1,186,000,000","1,128,000,000","1,305,000,000","1,334,000,000","1,380,000,000","1,216,000,000","1,245,000,000","1,204,000,000","1,219,000,000","1,213,000,000","1,232,000,000","1,244,000,000","1,240,000,000","1,322,000,000","1,345,000,000","1,385,000,000","1,383,000,000","664,000,000","661,000,000","681,000,000","746,000,000","627,000,000","669,000,000","696,000,000","723,000,000","742,000,000","757,000,000","766,000,000","803,000,000","548,000,000","552,000,000","580,000,000","596,000,000",,"653,000,000",,
		InvestmentsAndAdvances,"1,641,000,000","1,651,000,000","1,723,000,000","1,772,000,000","1,949,000,000","2,012,000,000","1,797,000,000","1,963,000,000","2,032,000,000","2,075,000,000","2,011,000,000","2,047,000,000","2,174,000,000","2,191,000,000","106,000,000","200,000,000","197,000,000","196,000,000","99,000,000","157,000,000","155,000,000","157,000,000","91,000,000","207,000,000","178,000,000","159,000,000","101,000,000","130,000,000","122,000,000","126,000,000","94,000,000","116,000,000","93,000,000","101,000,000","228,000,000","243,000,000","248,000,000","229,000,000","234,000,000","217,000,000","208,000,000","223,000,000","231,000,000","222,000,000","207,000,000","209,000,000","257,000,000","259,000,000","283,000,000","267,000,000","281,000,000"
			LongTermEquityInvestment,"1,641,000,000","1,651,000,000","1,723,000,000","1,772,000,000","1,949,000,000","2,012,000,000","1,797,000,000","1,963,000,000","2,032,000,000","2,075,000,000","2,011,000,000","2,047,000,000","2,174,000,000","2,191,000,000","106,000,000","200,000,000","197,000,000","196,000,000","99,000,000","157,000,000","155,000,000","157,000,000","91,000,000","207,000,000","178,000,000","159,000,000","101,000,000","130,000,000","122,000,000","126,000,000","94,000,000","116,000,000","93,000,000","101,000,000","228,000,000","243,000,000","248,000,000","229,000,000","234,000,000","217,000,000","208,000,000","223,000,000","231,000,000","222,000,000","207,000,000",,,"259,000,000",,"267,000,000","281,000,000"
				InvestmentsinAssociatesatCost,,,,,"1,863,000,000","1,949,000,000","1,797,000,000","1,852,000,000","1,908,000,000","1,962,000,000","2,011,000,000","2,047,000,000","2,073,000,000","2,090,000,000","106,000,000","105,000,000","94,000,000","94,000,000","99,000,000","56,000,000","56,000,000","56,000,000","91,000,000","77,000,000","51,000,000","41,000,000","101,000,000","26,000,000","26,000,000","26,000,000","94,000,000","23,000,000","93,000,000","101,000,000","228,000,000","243,000,000","248,000,000","229,000,000","234,000,000","217,000,000","208,000,000","223,000,000","231,000,000",,,,,,,,
				InvestmentsInOtherVenturesUnderEquityMethod,"1,641,000,000","1,651,000,000","1,723,000,000","1,772,000,000","1,949,000,000","2,012,000,000","1,797,000,000","1,963,000,000","2,032,000,000","2,075,000,000","2,011,000,000","2,047,000,000","2,174,000,000","2,191,000,000","106,000,000","200,000,000","103,000,000","102,000,000","99,000,000","101,000,000","99,000,000","101,000,000","91,000,000","130,000,000","127,000,000","118,000,000","101,000,000","104,000,000","96,000,000","100,000,000","94,000,000","93,000,000","93,000,000","101,000,000","228,000,000","243,000,000","248,000,000","229,000,000","234,000,000","217,000,000","208,000,000","223,000,000","231,000,000",,,,,,,,
		FinancialAssets,"35,000,000","27,000,000","14,000,000","10,000,000","6,000,000","16,000,000","3,000,000","0","13,000,000","20,000,000","22,000,000","6,000,000","3,000,000","0","8,000,000","3,000,000","3,000,000","4,000,000","2,000,000","7,000,000",,"2,000,000","8,000,000","12,000,000","12,000,000","13,000,000","8,000,000","1,000,000","2,000,000",,,,,"1,000,000","0","1,000,000","9,000,000","1,000,000","5,000,000","4,000,000","3,000,000","10,000,000","6,000,000",,,,,,,,
		NonCurrentAccountsReceivable,"101,000,000","86,000,000","75,000,000","34,000,000","33,000,000","49,000,000","48,000,000","60,000,000","63,000,000","53,000,000","54,000,000","72,000,000","64,000,000","93,000,000","104,000,000","80,000,000","83,000,000","66,000,000","44,000,000","41,000,000","51,000,000","49,000,000","59,000,000","113,000,000","100,000,000","97,000,000","89,000,000","87,000,000","106,000,000","96,000,000","78,000,000","102,000,000","102,000,000","90,000,000","102,000,000","168,000,000","172,000,000","165,000,000","152,000,000","132,000,000","145,000,000","140,000,000","121,000,000",,,,,,,,
		NonCurrentDeferredAssets,"420,000,000","409,000,000","427,000,000","329,000,000","344,000,000","350,000,000","346,000,000","360,000,000","355,000,000","345,000,000","371,000,000","321,000,000","423,000,000","407,000,000","381,000,000","335,000,000","338,000,000","318,000,000","280,000,000","371,000,000","289,000,000","255,000,000","251,000,000","323,000,000","298,000,000","290,000,000","309,000,000","249,000,000","256,000,000","279,000,000","281,000,000","286,000,000","289,000,000","287,000,000","338,000,000","363,000,000","368,000,000","358,000,000","362,000,000","356,000,000","348,000,000","322,000,000","331,000,000",,,,,,,,
			NonCurrentDeferredTaxesAssets,"265,000,000","259,000,000","259,000,000","151,000,000","158,000,000","159,000,000","159,000,000","167,000,000","172,000,000","167,000,000","174,000,000","116,000,000","143,000,000","151,000,000","164,000,000","137,000,000","148,000,000","152,000,000","143,000,000","241,000,000","186,000,000","183,000,000","185,000,000","272,000,000","258,000,000","256,000,000","283,000,000","223,000,000","227,000,000","240,000,000","238,000,000","237,000,000","233,000,000","223,000,000","249,000,000","268,000,000","272,000,000","267,000,000","283,000,000","269,000,000","276,000,000","269,000,000","281,000,000",,,,,,,,
		NonCurrentPrepaidAssets,,,,,,,,,,,,,,,,,,,,,,,,,,,,,,,,"820,000,000",,,,,,,,,,,,,,,,,,,
		OtherNonCurrentAssets,"140,000,000","719,000,000","740,000,000","573,000,000","125,000,000","128,000,000","622,000,000","113,000,000","123,000,000","123,000,000","694,000,000","636,000,000","126,000,000","123,000,000","719,000,000","116,000,000","130,000,000","127,000,000","521,000,000","113,000,000","107,000,000","97,000,000","470,000,000","99,000,000","88,000,000","81,000,000","509,000,000","81,000,000","74,000,000","79,000,000","459,000,000","100,000,000","514,000,000","101,000,000","549,000,000","110,000,000","104,000,000","108,000,000","626,000,000","106,000,000","115,000,000","116,000,000","582,000,000","506,000,000","461,000,000","480,000,000","459,000,000","444,000,000","503,000,000","507,000,000","403,000,000"
TotalLiabilitiesNetMinorityInterest,"12,576,000,000","12,444,000,000","12,790,000,000","11,590,000,000","11,626,000,000","11,804,000,000","9,446,000,000","9,152,000,000","9,255,000,000","9,200,000,000","9,422,000,000","8,890,000,000","8,154,000,000","11,014,000,000","9,448,000,000","9,158,000,000","9,376,000,000","9,384,000,000","8,810,000,000","8,518,000,000","8,558,000,000","8,862,000,000","8,652,000,000","10,552,000,000","9,771,000,000","9,548,000,000","9,529,000,000","9,201,000,000","9,187,000,000","9,427,000,000","9,240,000,000","8,018,000,000","7,788,000,000","7,801,000,000","7,733,000,000","7,544,000,000","7,768,000,000","7,688,000,000","7,613,000,000","7,588,000,000","7,509,000,000","7,376,000,000","7,346,000,000","6,769,000,000","6,774,000,000","7,043,000,000","6,957,000,000","7,220,000,000","7,385,000,000","7,817,000,000","4,983,000,000"
	CurrentLiabilities,"4,589,000,000","4,508,000,000","4,865,000,000","4,129,000,000","4,019,000,000","4,146,000,000","4,207,000,000","3,834,000,000","3,905,000,000","3,962,000,000","4,046,000,000","3,579,000,000","2,859,000,000","3,655,000,000","4,054,000,000","3,875,000,000","3,991,000,000","4,014,000,000","3,694,000,000","3,387,000,000","3,438,000,000","3,708,000,000","3,540,000,000","4,143,000,000","4,170,000,000","4,092,000,000","4,148,000,000","3,841,000,000","3,899,000,000","4,061,000,000","3,927,000,000","4,028,000,000","3,772,000,000","3,818,000,000","3,889,000,000","3,844,000,000","3,998,000,000","3,930,000,000","3,894,000,000","3,857,000,000","3,809,000,000","3,674,000,000","3,659,000,000","3,670,000,000","3,696,000,000","3,888,000,000","3,712,000,000","3,881,000,000","4,025,000,000","4,013,000,000","3,719,000,000"
		PayablesAndAccruedExpenses,"4,166,000,000","4,463,000,000","4,834,000,000","4,113,000,000","3,748,000,000","3,887,000,000","4,199,000,000","3,582,000,000","3,670,000,000","3,667,000,000","3,956,000,000","3,480,000,000","2,395,000,000","3,107,000,000","3,618,000,000","3,128,000,000","3,215,000,000","3,217,000,000","3,388,000,000","3,251,000,000","3,297,000,000","3,512,000,000","3,523,000,000","3,998,000,000","3,742,000,000","3,652,000,000","4,136,000,000","3,647,000,000","3,650,000,000","3,516,000,000","3,745,000,000","3,274,000,000","3,556,000,000","3,191,000,000","3,855,000,000","3,640,000,000","3,835,000,000","3,765,000,000","3,833,000,000","3,623,000,000","3,588,000,000","3,439,000,000","3,519,000,000","2,854,000,000","3,627,000,000","3,110,000,000","2,993,000,000","3,072,000,000","3,483,000,000","3,741,000,000","2,884,000,000"
			Payables,"3,205,000,000","2,996,000,000","3,150,000,000","2,775,000,000","2,859,000,000","3,037,000,000","2,953,000,000","2,676,000,000","2,741,000,000","2,802,000,000","2,571,000,000","2,186,000,000","1,610,000,000","2,408,000,000","2,463,000,000","2,418,000,000","2,466,000,000","2,529,000,000","2,334,000,000","2,500,000,000","2,583,000,000","2,783,000,000","2,227,000,000","2,962,000,000","2,777,000,000","2,739,000,000","2,563,000,000","2,764,000,000","2,754,000,000","2,737,000,000","2,541,000,000","2,534,000,000","2,386,000,000","2,514,000,000","2,581,000,000","2,761,000,000","2,943,000,000","2,947,000,000","2,595,000,000","2,765,000,000","2,745,000,000","2,635,000,000","2,278,000,000","2,467,000,000","2,356,000,000","2,783,000,000","2,654,000,000","2,674,000,000","2,859,000,000","2,429,000,000","2,456,000,000"
				AccountsPayable,"3,028,000,000","2,996,000,000","3,150,000,000","2,775,000,000","2,749,000,000","2,910,000,000","2,953,000,000","2,544,000,000","2,574,000,000","2,624,000,000","2,571,000,000","2,186,000,000","1,432,000,000","2,243,000,000","2,463,000,000","2,232,000,000","2,284,000,000","2,340,000,000","2,334,000,000","2,254,000,000","2,307,000,000","2,282,000,000","2,227,000,000","2,745,000,000","2,603,000,000","2,549,000,000","2,563,000,000","2,544,000,000","2,527,000,000","2,514,000,000","2,541,000,000","2,327,000,000","2,386,000,000","2,287,000,000","2,581,000,000","2,521,000,000","2,696,000,000","2,681,000,000","2,595,000,000","2,504,000,000","2,501,000,000","2,386,000,000","2,278,000,000","2,244,000,000","2,356,000,000","2,469,000,000","2,397,000,000","2,385,000,000","2,560,000,000","2,429,000,000","2,236,000,000"
				TotalTaxPayable,"177,000,000","175,000,000","188,000,000","113,000,000","107,000,000","124,000,000","157,000,000","129,000,000","164,000,000","175,000,000","177,000,000","174,000,000","175,000,000","165,000,000","180,000,000","186,000,000","182,000,000","189,000,000","187,000,000","233,000,000","216,000,000","234,000,000","233,000,000","217,000,000","174,000,000","190,000,000","188,000,000","210,000,000","227,000,000","223,000,000","222,000,000","207,000,000","230,000,000","227,000,000","262,000,000","240,000,000","247,000,000","266,000,000","280,000,000","210,000,000","244,000,000","249,000,000","261,000,000","223,000,000","250,000,000","314,000,000","257,000,000","289,000,000","299,000,000",,"220,000,000"
					IncomeTaxPayable,,,,,,,,,,,,,,,,,,,,,,,,,,,,,,,,,,,,,,,,,,,,,,,"257,000,000","289,000,000","299,000,000",,"220,000,000"
				DividendsPayable,"0","3,000,000","3,000,000","3,000,000","3,000,000","3,000,000","3,000,000","3,000,000","3,000,000","3,000,000","3,000,000","3,000,000","3,000,000",,,,,,"0","0",,,"59,000,000",,,,,"10,000,000",,,,,,,,,,,,"51,000,000",,,,,,,,,,,
				OtherPayable,,,,,,,,,,,,,,,,,,,"4,000,000","13,000,000","60,000,000","267,000,000","132,000,000",,,,,,,,,,,,,,,,,,,,,,,,,,,,
			CurrentAccruedExpenses,"961,000,000","1,467,000,000","1,684,000,000","1,338,000,000","889,000,000","850,000,000","1,246,000,000","906,000,000","929,000,000","865,000,000","1,385,000,000","1,294,000,000","785,000,000","699,000,000","1,155,000,000","710,000,000","749,000,000","688,000,000","1,054,000,000","751,000,000","714,000,000","729,000,000","1,296,000,000","1,036,000,000","965,000,000","913,000,000","1,573,000,000","883,000,000","896,000,000","779,000,000","1,204,000,000","740,000,000","1,170,000,000","677,000,000","1,274,000,000","879,000,000","892,000,000","818,000,000","1,238,000,000","858,000,000","843,000,000","804,000,000","1,241,000,000","387,000,000","1,271,000,000","327,000,000","339,000,000","398,000,000","624,000,000","1,312,000,000","428,000,000"
				InterestPayable,"50,000,000","51,000,000","51,000,000","51,000,000","50,000,000","40,000,000","30,000,000","23,000,000","46,000,000","21,000,000","48,000,000","23,000,000","45,000,000","22,000,000","47,000,000","24,000,000","48,000,000","24,000,000","42,000,000","30,000,000","39,000,000","29,000,000","41,000,000","30,000,000","38,000,000","27,000,000","40,000,000","23,000,000","48,000,000","26,000,000","39,000,000","15,000,000","29,000,000","9,000,000","30,000,000","19,000,000","31,000,000","20,000,000","24,000,000","29,000,000","26,000,000","30,000,000","9,000,000","24,000,000","9,000,000","25,000,000","10,000,000","25,000,000",,,
		CurrentProvisions,,,,,,,,,,,,,,,,,,,,,,,,,"310,000,000","327,000,000","300,000,000",,,,,,,,,,,,,,,,,,,,,,,,
		PensionandOtherPostRetirementBenefitPlansCurrent,"102,000,000","77,000,000","151,000,000","83,000,000","62,000,000","53,000,000","83,000,000","72,000,000","66,000,000","56,000,000","84,000,000","67,000,000","56,000,000","46,000,000","97,000,000","76,000,000","64,000,000","55,000,000","96,000,000","67,000,000","80,000,000","74,000,000","116,000,000","83,000,000","69,000,000","54,000,000","106,000,000","63,000,000","51,000,000","57,000,000","90,000,000","84,000,000","74,000,000","64,000,000","130,000,000","108,000,000","83,000,000","70,000,000","130,000,000","102,000,000","85,000,000","77,000,000","143,000,000","573,000,000","513,000,000","452,000,000","359,000,000","372,000,000","357,000,000",,"370,000,000"
		CurrentDebtAndCapitalLeaseObligation,"147,000,000","45,000,000","31,000,000","16,000,000","113,000,000","131,000,000","8,000,000","103,000,000","115,000,000","176,000,000","90,000,000","99,000,000","295,000,000","353,000,000","393,000,000","536,000,000","609,000,000","635,000,000","306,000,000","24,000,000","22,000,000","60,000,000","17,000,000","15,000,000","13,000,000","8,000,000","12,000,000","36,000,000","97,000,000","368,000,000","52,000,000","424,000,000","43,000,000","44,000,000","34,000,000","37,000,000","32,000,000","31,000,000","61,000,000","59,000,000","59,000,000","103,000,000","140,000,000","92,000,000","69,000,000","89,000,000","107,000,000","122,000,000","180,000,000","272,000,000","218,000,000"
			CurrentDebt,"37,000,000","45,000,000","31,000,000","16,000,000","17,000,000","35,000,000","8,000,000","8,000,000","16,000,000","78,000,000","90,000,000","99,000,000","200,000,000","260,000,000","393,000,000","444,000,000","517,000,000","542,000,000","306,000,000","24,000,000","22,000,000","60,000,000","17,000,000","15,000,000","13,000,000","8,000,000","12,000,000","36,000,000","97,000,000","368,000,000","52,000,000","424,000,000","43,000,000","44,000,000","34,000,000","37,000,000","32,000,000","31,000,000","61,000,000","59,000,000","59,000,000","103,000,000","140,000,000","92,000,000","69,000,000","89,000,000","107,000,000","122,000,000","180,000,000","272,000,000","218,000,000"
				OtherCurrentBorrowings,"37,000,000","45,000,000","31,000,000","16,000,000","17,000,000","35,000,000","8,000,000","8,000,000","16,000,000","78,000,000","90,000,000","99,000,000","200,000,000","260,000,000","393,000,000","444,000,000","517,000,000","542,000,000","306,000,000","24,000,000","22,000,000","60,000,000","17,000,000","15,000,000","13,000,000","8,000,000","12,000,000","36,000,000","97,000,000","368,000,000","52,000,000","424,000,000","43,000,000","44,000,000","34,000,000","37,000,000","32,000,000","31,000,000","61,000,000","59,000,000","59,000,000","103,000,000","140,000,000","92,000,000","69,000,000","89,000,000","107,000,000","122,000,000",,,"218,000,000"
			CurrentCapitalLeaseObligation,"110,000,000","106,000,000","109,000,000","96,000,000","96,000,000","96,000,000","92,000,000","95,000,000","99,000,000","98,000,000","100,000,000","96,000,000","95,000,000","93,000,000","94,000,000","92,000,000","92,000,000","93,000,000",,,,,,,,,,,,,,,,,,,,,,,,,,,,,,,,,
		CurrentDeferredLiabilities,"150,000,000","136,000,000","172,000,000","77,000,000","58,000,000","71,000,000","83,000,000","64,000,000","50,000,000","53,000,000","62,000,000","93,000,000","80,000,000","77,000,000","78,000,000","85,000,000","90,000,000","99,000,000","67,000,000","36,000,000","27,000,000","32,000,000","28,000,000","31,000,000","32,000,000","36,000,000","30,000,000","33,000,000","30,000,000","31,000,000","36,000,000","36,000,000","36,000,000","38,000,000","43,000,000","41,000,000","37,000,000","35,000,000","39,000,000","45,000,000","44,000,000","42,000,000","47,000,000","36,000,000","59,000,000","53,000,000","28,000,000","6,000,000","5,000,000",,"4,000,000"
			CurrentDeferredTaxesLiabilities,,,,,,,,,,,,,,,,,,,,,,,,,,,,,,,"0","8,000,000","8,000,000","7,000,000","8,000,000","4,000,000","3,000,000","2,000,000","1,000,000","16,000,000","8,000,000","8,000,000","12,000,000","36,000,000","28,000,000","30,000,000","28,000,000","6,000,000","5,000,000",,"4,000,000"
			CurrentDeferredRevenue,"150,000,000","136,000,000","172,000,000","77,000,000","58,000,000","71,000,000","83,000,000","64,000,000","50,000,000","53,000,000","62,000,000","46,000,000","37,000,000","38,000,000","43,000,000","33,000,000","45,000,000","61,000,000","36,000,000","36,000,000","27,000,000","32,000,000","28,000,000","31,000,000","32,000,000","36,000,000","30,000,000","33,000,000","30,000,000","31,000,000","36,000,000","28,000,000","28,000,000","31,000,000","35,000,000","37,000,000","34,000,000","33,000,000","38,000,000","29,000,000","36,000,000","34,000,000","35,000,000",,"31,000,000","23,000,000",,,,,
		OtherCurrentLiabilities,"24,000,000","8,000,000","29,000,000","59,000,000","38,000,000","4,000,000","13,000,000","13,000,000","4,000,000","10,000,000","8,000,000","21,000,000","33,000,000","72,000,000","43,000,000","50,000,000","13,000,000","8,000,000","19,000,000","9,000,000","12,000,000","30,000,000","15,000,000","16,000,000","4,000,000","15,000,000","45,000,000","62,000,000","71,000,000","89,000,000","130,000,000","210,000,000","173,000,000","481,000,000","64,000,000","18,000,000","11,000,000","29,000,000","16,000,000","28,000,000","33,000,000","13,000,000","12,000,000","115,000,000","110,000,000","184,000,000","225,000,000","309,000,000",,,"243,000,000"
	TotalNonCurrentLiabilitiesNetMinorityInterest,"7,987,000,000","7,936,000,000","7,925,000,000","7,461,000,000","7,607,000,000","7,658,000,000","5,239,000,000","5,318,000,000","5,350,000,000","5,238,000,000","5,376,000,000","5,311,000,000","5,295,000,000","7,359,000,000","5,394,000,000","5,283,000,000","5,385,000,000","5,370,000,000","5,116,000,000","5,131,000,000","5,120,000,000","5,154,000,000","5,112,000,000","6,409,000,000","5,601,000,000","5,456,000,000","5,381,000,000","5,360,000,000","5,288,000,000","5,366,000,000","5,313,000,000","3,990,000,000","4,016,000,000","3,983,000,000","3,844,000,000","3,700,000,000","3,770,000,000","3,758,000,000","3,719,000,000","3,731,000,000","3,700,000,000","3,702,000,000","3,687,000,000","3,099,000,000","3,078,000,000","3,155,000,000","3,245,000,000","3,339,000,000","3,360,000,000","3,804,000,000","1,264,000,000"
		LongTermProvisions,"3,000,000","3,000,000","1,000,000","1,000,000","1,000,000","4,000,000","4,000,000","4,000,000","4,000,000","4,000,000","4,000,000","4,000,000","4,000,000","4,000,000","3,000,000","3,000,000","3,000,000","4,000,000","3,000,000","2,000,000","3,000,000","4,000,000","4,000,000","5,000,000","5,000,000","6,000,000","5,000,000","5,000,000","5,000,000","5,000,000","3,000,000","4,000,000","4,000,000","4,000,000","18,000,000","18,000,000","19,000,000","18,000,000","18,000,000","20,000,000","20,000,000","19,000,000","18,000,000",,,,,,,,
		LongTermDebtAndCapitalLeaseObligation,"6,855,000,000","6,828,000,000","6,821,000,000","6,661,000,000","6,767,000,000","6,806,000,000","4,363,000,000","4,301,000,000","4,326,000,000","4,222,000,000","4,311,000,000","4,229,000,000","4,239,000,000","6,272,000,000","4,300,000,000","4,268,000,000","4,347,000,000","4,345,000,000","4,038,000,000","4,084,000,000","4,067,000,000","4,163,000,000","4,132,000,000","4,884,000,000","4,059,000,000","3,991,000,000","3,959,000,000","4,038,000,000","3,969,000,000","3,985,000,000","3,956,000,000","2,698,000,000","2,693,000,000","2,673,000,000","2,417,000,000","2,417,000,000","2,420,000,000","2,418,000,000","2,351,000,000","2,359,000,000","2,367,000,000","2,375,000,000","2,324,000,000","1,998,000,000","1,995,000,000","1,996,000,000","1,996,000,000","2,051,000,000","2,056,000,000","2,479,000,000",
			LongTermDebt,"6,476,000,000","6,473,000,000","6,460,000,000","6,336,000,000","6,433,000,000","6,503,000,000","4,059,000,000","4,000,000,000","4,031,000,000","3,946,000,000","4,011,000,000","3,935,000,000","3,946,000,000","5,964,000,000","3,971,000,000","3,939,000,000","3,997,000,000","3,995,000,000","4,038,000,000","4,084,000,000","4,067,000,000","4,163,000,000","4,132,000,000","4,884,000,000","4,059,000,000","3,991,000,000","3,959,000,000","4,038,000,000","3,969,000,000","3,985,000,000","3,956,000,000","2,698,000,000","2,693,000,000","2,673,000,000","2,417,000,000","2,417,000,000","2,420,000,000","2,418,000,000","2,351,000,000","2,359,000,000","2,367,000,000","2,375,000,000","2,324,000,000","1,998,000,000","1,995,000,000","1,996,000,000","1,996,000,000","2,051,000,000","2,056,000,000","2,479,000,000",
			LongTermCapitalLeaseObligation,"379,000,000","355,000,000","361,000,000","325,000,000","334,000,000","303,000,000","304,000,000","301,000,000","295,000,000","276,000,000","300,000,000","294,000,000","293,000,000","308,000,000","329,000,000","329,000,000","350,000,000","350,000,000",,,,,,,,,,,,,,,,,,,,,,,,,,,,,,,,,
		NonCurrentDeferredLiabilities,"469,000,000","479,000,000","490,000,000","136,000,000","144,000,000","152,000,000","153,000,000","193,000,000","210,000,000","203,000,000","207,000,000","210,000,000","205,000,000","213,000,000","229,000,000","267,000,000","265,000,000","264,000,000","251,000,000","261,000,000","295,000,000","218,000,000","222,000,000","178,000,000","170,000,000","162,000,000","158,000,000","283,000,000","275,000,000","267,000,000","252,000,000","169,000,000","180,000,000","164,000,000","167,000,000","162,000,000","170,000,000","160,000,000","151,000,000","210,000,000","201,000,000","202,000,000","185,000,000",,,,,,,,
			NonCurrentDeferredTaxesLiabilities,"461,000,000","471,000,000","481,000,000","136,000,000","144,000,000","152,000,000","153,000,000","193,000,000","210,000,000","203,000,000","207,000,000","210,000,000","205,000,000","213,000,000","229,000,000","236,000,000","238,000,000","242,000,000","233,000,000","223,000,000","268,000,000","218,000,000","222,000,000","178,000,000","170,000,000","162,000,000","158,000,000","283,000,000","275,000,000","267,000,000","252,000,000","169,000,000","180,000,000","164,000,000","167,000,000","162,000,000","170,000,000","160,000,000","151,000,000","210,000,000","201,000,000","202,000,000","185,000,000",,,,,,,,
			NonCurrentDeferredRevenue,"8,000,000","8,000,000","9,000,000",,,,,,,,,,,,,,,,,,,,,,,,,,,,,,,,,,,,,,,,,,,,,,,,
		TradeandOtherPayablesNonCurrent,"155,000,000","162,000,000","161,000,000","138,000,000","145,000,000","152,000,000","153,000,000","177,000,000","155,000,000","152,000,000","156,000,000","168,000,000","198,000,000","199,000,000","199,000,000","155,000,000","156,000,000","170,000,000","201,000,000","192,000,000","175,000,000","156,000,000","154,000,000","129,000,000","150,000,000","136,000,000","125,000,000","53,000,000","43,000,000","50,000,000","31,000,000","28,000,000","35,000,000","28,000,000","29,000,000","25,000,000","30,000,000","35,000,000","34,000,000","32,000,000","35,000,000","38,000,000","38,000,000",,,,,,,,
		NonCurrentAccruedExpenses,"57,000,000","36,000,000","37,000,000","32,000,000","34,000,000","37,000,000","40,000,000","46,000,000","51,000,000","56,000,000","62,000,000","58,000,000","59,000,000","59,000,000","66,000,000","56,000,000","59,000,000","66,000,000","76,000,000","76,000,000","63,000,000","67,000,000","69,000,000","145,000,000","167,000,000","140,000,000","113,000,000","104,000,000","104,000,000","118,000,000","117,000,000","98,000,000","107,000,000","105,000,000","109,000,000","114,000,000","117,000,000","110,000,000","151,000,000","135,000,000","104,000,000","121,000,000","130,000,000",,,,,,,,
		EmployeeBenefits,"385,000,000","368,000,000","354,000,000","399,000,000","427,000,000","443,000,000","440,000,000","498,000,000","508,000,000","509,000,000","525,000,000","484,000,000","474,000,000","472,000,000","483,000,000","427,000,000","444,000,000","445,000,000","445,000,000","448,000,000","441,000,000","469,000,000","454,000,000","1,012,000,000","994,000,000","970,000,000","955,000,000","802,000,000","815,000,000","857,000,000","854,000,000","909,000,000","922,000,000","937,000,000","1,011,000,000","921,000,000","975,000,000","968,000,000","959,000,000","922,000,000","901,000,000","900,000,000","929,000,000","694,000,000","671,000,000","694,000,000","674,000,000","683,000,000","715,000,000","707,000,000","677,000,000"
			NonCurrentPensionAndOtherPostretirementBenefitPlans,"380,000,000","368,000,000","354,000,000","399,000,000","421,000,000","437,000,000","440,000,000","493,000,000","503,000,000","504,000,000","525,000,000","484,000,000","468,000,000","466,000,000","483,000,000","422,000,000","439,000,000","440,000,000","445,000,000","439,000,000","432,000,000","460,000,000","454,000,000","1,004,000,000","986,000,000","962,000,000","955,000,000","794,000,000","807,000,000","849,000,000","854,000,000","898,000,000","922,000,000","926,000,000","1,011,000,000","911,000,000","965,000,000","958,000,000","959,000,000","909,000,000","888,000,000","888,000,000","929,000,000","694,000,000","671,000,000","694,000,000","674,000,000","683,000,000","715,000,000","707,000,000","677,000,000"
		DerivativeProductLiabilities,"7,000,000","0","7,000,000","32,000,000","29,000,000","5,000,000","7,000,000","9,000,000","2,000,000","3,000,000",,"3,000,000","12,000,000","40,000,000",,"6,000,000","3,000,000","3,000,000","9,000,000","6,000,000","8,000,000","5,000,000","11,000,000","3,000,000","2,000,000","1,000,000","11,000,000","9,000,000","6,000,000","12,000,000","21,000,000","38,000,000","31,000,000","37,000,000","40,000,000","8,000,000","0","12,000,000","6,000,000","10,000,000","23,000,000","4,000,000","1,000,000",,,,,,,,
		LiabilitiesHeldforSaleNonCurrent,,,,,,,,,,,,,,,,,,,,,,,"0",,,,,,,,"0","0","0","0",,,,,,,,,,,,,,,,,
		OtherNonCurrentLiabilities,"56,000,000","740,000,000","750,000,000","401,000,000","60,000,000","59,000,000","436,000,000","90,000,000","94,000,000","89,000,000","540,000,000","598,000,000","104,000,000","100,000,000","611,000,000","101,000,000","108,000,000","73,000,000","633,000,000","62,000,000","68,000,000","72,000,000","526,000,000","53,000,000","54,000,000","50,000,000","467,000,000","66,000,000","71,000,000","72,000,000","503,000,000","46,000,000","401,000,000","35,000,000","416,000,000","35,000,000","39,000,000","37,000,000","409,000,000","43,000,000","49,000,000","43,000,000","434,000,000","407,000,000","412,000,000","465,000,000","575,000,000","605,000,000","589,000,000","618,000,000","587,000,000"
TotalEquityGrossMinorityInterest,"9,522,000,000","9,272,000,000","9,111,000,000","8,381,000,000","8,282,000,000","8,600,000,000","8,561,000,000","8,499,000,000","8,525,000,000","8,276,000,000","8,100,000,000","7,554,000,000","7,126,000,000","5,153,000,000","4,011,000,000","3,781,000,000","3,732,000,000","3,635,000,000","3,670,000,000","3,809,000,000","3,758,000,000","3,698,000,000","3,517,000,000","3,614,000,000","3,285,000,000","2,949,000,000","2,763,000,000","2,921,000,000","2,770,000,000","2,644,000,000","2,733,000,000","2,774,000,000","3,021,000,000","2,663,000,000","3,013,000,000","3,379,000,000","3,684,000,000","3,494,000,000","3,434,000,000","3,223,000,000","3,042,000,000","2,897,000,000","2,830,000,000","2,870,000,000","2,663,000,000","2,645,000,000","2,171,000,000","1,964,000,000","2,242,000,000","1,907,000,000","6,099,000,000"
	StockholdersEquity,"9,232,000,000","8,983,000,000","8,826,000,000","8,195,000,000","8,099,000,000","8,396,000,000","8,347,000,000","8,294,000,000","8,322,000,000","8,077,000,000","7,905,000,000","7,363,000,000","6,942,000,000","4,971,000,000","3,819,000,000","3,565,000,000","3,519,000,000","3,418,000,000","3,459,000,000","3,608,000,000","3,523,000,000","3,467,000,000","3,299,000,000","3,203,000,000","2,895,000,000","2,579,000,000","2,401,000,000","2,552,000,000","2,381,000,000","2,265,000,000","2,250,000,000","2,316,000,000","2,490,000,000","2,155,000,000","2,510,000,000","2,894,000,000","3,125,000,000","2,961,000,000","2,911,000,000","2,746,000,000","2,521,000,000","2,398,000,000","2,345,000,000","2,406,000,000","2,185,000,000","2,162,000,000","1,688,000,000","1,502,000,000","1,771,000,000","1,435,000,000","5,641,000,000"
		CapitalStock,"3,000,000","3,000,000","3,000,000","3,000,000","3,000,000","3,000,000","3,000,000","3,000,000","3,000,000","3,000,000","3,000,000","3,000,000","3,000,000","3,000,000","3,000,000","3,000,000","3,000,000","3,000,000","3,000,000","3,000,000","3,000,000","3,000,000","3,000,000","3,000,000","3,000,000","3,000,000","3,000,000","3,000,000","3,000,000","3,000,000","3,000,000","3,000,000","3,000,000","3,000,000","3,000,000","3,000,000","3,000,000","3,000,000","3,000,000","3,000,000","3,000,000","3,000,000","3,000,000","3,000,000","3,000,000","3,000,000","3,000,000","1,572,000,000",,"1,278,000,000","5,550,000,000"
			PreferredStock,"0","0","0","0","0","0","0","0","0","0","0","0","0","0","0","0","0","0","0","0",,"0","0","0","0","0","0","0","0","0","0","0","0","0","0","0","0","0","0","0","0","0","0","0","0","0","0",,,,
			CommonStock,"3,000,000","3,000,000","3,000,000","3,000,000","3,000,000","3,000,000","3,000,000","3,000,000","3,000,000","3,000,000","3,000,000","3,000,000","3,000,000","3,000,000","3,000,000","3,000,000","3,000,000","3,000,000","3,000,000","3,000,000","3,000,000","3,000,000","3,000,000","3,000,000","3,000,000","3,000,000","3,000,000","3,000,000","3,000,000","3,000,000","3,000,000","3,000,000","3,000,000","3,000,000","3,000,000","3,000,000","3,000,000","3,000,000","3,000,000","3,000,000","3,000,000","3,000,000","3,000,000","3,000,000","3,000,000","3,000,000","3,000,000","1,572,000,000",,"1,278,000,000","5,550,000,000"
		AdditionalPaidInCapital,"4,001,000,000","3,972,000,000","3,989,000,000","3,968,000,000","3,949,000,000","3,908,000,000","3,939,000,000","3,928,000,000","3,909,000,000","3,881,000,000","3,897,000,000","3,861,000,000","3,849,000,000","1,606,000,000","1,645,000,000","1,623,000,000","1,618,000,000","1,606,000,000","1,639,000,000","1,633,000,000","1,632,000,000","1,622,000,000","1,649,000,000","1,628,000,000","1,617,000,000","1,606,000,000","1,633,000,000","1,620,000,000","1,608,000,000","1,602,000,000","1,653,000,000","1,635,000,000","1,645,000,000","1,642,000,000","1,700,000,000","1,695,000,000","1,695,000,000","1,693,000,000","1,699,000,000","1,718,000,000","1,718,000,000","1,716,000,000","1,723,000,000","1,721,000,000","1,742,000,000","1,762,000,000","1,758,000,000",,,,
		RetainedEarnings,"5,893,000,000","5,690,000,000","5,608,000,000","5,375,000,000","5,089,000,000","5,150,000,000","5,077,000,000","5,062,000,000","4,976,000,000","4,829,000,000","4,550,000,000","4,267,000,000","3,984,000,000","4,353,000,000","2,890,000,000","2,745,000,000","2,597,000,000","2,491,000,000","2,511,000,000","2,610,000,000","2,510,000,000","2,278,000,000","2,118,000,000","2,485,000,000","2,257,000,000","2,057,000,000","1,980,000,000","1,870,000,000","1,749,000,000","1,629,000,000","1,627,000,000","1,693,000,000","1,739,000,000","1,460,000,000","1,548,000,000","1,602,000,000","1,646,000,000","1,544,000,000","1,446,000,000","1,287,000,000","1,177,000,000","971,000,000","856,000,000","796,000,000","660,000,000","452,000,000","110,000,000",,,,
		GainsLossesNotAffectingRetainedEarnings,"-665,000,000","-682,000,000","-791,000,000","-1,151,000,000","-942,000,000","-665,000,000","-672,000,000","-699,000,000","-566,000,000","-636,000,000","-545,000,000","-768,000,000","-894,000,000","-991,000,000","-719,000,000","-806,000,000","-699,000,000","-682,000,000","-694,000,000","-638,000,000","-622,000,000","-436,000,000","-471,000,000","-913,000,000","-982,000,000","-1,087,000,000","-1,215,000,000","-941,000,000","-979,000,000","-969,000,000","-1,033,000,000","-1,015,000,000","-897,000,000","-950,000,000","-741,000,000","-406,000,000","-219,000,000","-279,000,000","-237,000,000","-262,000,000","-377,000,000","-292,000,000","-237,000,000","-114,000,000","-220,000,000","-55,000,000","-183,000,000","-70,000,000","193,000,000","157,000,000","91,000,000"
			OtherEquityAdjustments,"-665,000,000","-682,000,000",,,,,,,,,,,,,,,,,,,,,,,,,,,,,,,,,,,,,,,,,,,,,,,,,
		OtherEquityInterest,,,,,,,,,,,,,,,,,,,,,,,,,,,,,,,,,,,,,,,,,,,,,,,,,"1,578,000,000",,
	MinorityInterest,"290,000,000","289,000,000","285,000,000","186,000,000","183,000,000","204,000,000","214,000,000","205,000,000","203,000,000","199,000,000","195,000,000","191,000,000","184,000,000","182,000,000","192,000,000","216,000,000","213,000,000","217,000,000","211,000,000","201,000,000","235,000,000","231,000,000","218,000,000","411,000,000","390,000,000","370,000,000","362,000,000","369,000,000","389,000,000","379,000,000","483,000,000","458,000,000","531,000,000","508,000,000","503,000,000","485,000,000","559,000,000","533,000,000","523,000,000","477,000,000","521,000,000","499,000,000","485,000,000","464,000,000","478,000,000","483,000,000","483,000,000","462,000,000","471,000,000","472,000,000","458,000,000"
TotalCapitalization,"15,708,000,000","15,456,000,000","15,286,000,000","14,531,000,000","14,532,000,000","14,899,000,000","12,406,000,000","12,294,000,000","12,353,000,000","12,023,000,000","11,916,000,000","11,298,000,000","10,888,000,000","10,935,000,000","7,790,000,000","7,504,000,000","7,516,000,000","7,413,000,000","7,497,000,000","7,692,000,000","7,590,000,000","7,630,000,000","7,431,000,000","8,087,000,000","6,954,000,000","6,570,000,000","6,360,000,000","6,590,000,000","6,350,000,000","6,250,000,000","6,206,000,000","5,014,000,000","5,183,000,000","4,828,000,000","4,927,000,000","5,311,000,000","5,545,000,000","5,379,000,000","5,262,000,000","5,105,000,000","4,888,000,000","4,773,000,000","4,669,000,000","4,404,000,000","4,180,000,000","4,158,000,000","3,684,000,000","3,553,000,000","3,827,000,000","3,914,000,000","5,641,000,000"
CommonStockEquity,"9,232,000,000","8,983,000,000","8,826,000,000","8,195,000,000","8,099,000,000","8,396,000,000","8,347,000,000","8,294,000,000","8,322,000,000","8,077,000,000","7,905,000,000","7,363,000,000","6,942,000,000","4,971,000,000","3,819,000,000","3,565,000,000","3,519,000,000","3,418,000,000","3,459,000,000","3,608,000,000","3,523,000,000","3,467,000,000","3,299,000,000","3,203,000,000","2,895,000,000","2,579,000,000","2,401,000,000","2,552,000,000","2,381,000,000","2,265,000,000","2,250,000,000","2,316,000,000","2,490,000,000","2,155,000,000","2,510,000,000","2,894,000,000","3,125,000,000","2,961,000,000","2,911,000,000","2,746,000,000","2,521,000,000","2,398,000,000","2,345,000,000","2,406,000,000","2,185,000,000","2,162,000,000","1,688,000,000","1,502,000,000","1,771,000,000","1,435,000,000","5,641,000,000"
CapitalLeaseObligations,"489,000,000","355,000,000","361,000,000","325,000,000","430,000,000","399,000,000","304,000,000","396,000,000","394,000,000","374,000,000","300,000,000","294,000,000","388,000,000","401,000,000","329,000,000","421,000,000","442,000,000","443,000,000",,,,,,,,,,,,,,,,,,,,,,,,,,,,,,,,,
NetTangibleAssets,"1,605,000,000","1,350,000,000","1,118,000,000","5,115,000,000","4,831,000,000","4,993,000,000","4,872,000,000","4,817,000,000","4,754,000,000","4,541,000,000","4,234,000,000","3,789,000,000","3,437,000,000","1,450,000,000","226,000,000","301,000,000","-303,000,000","-419,000,000","-445,000,000","230,000,000","121,000,000","283,000,000","136,000,000","320,000,000","35,000,000","-222,000,000","-347,000,000","-353,000,000","-535,000,000","-698,000,000","-672,000,000","1,012,000,000","1,210,000,000","863,000,000","1,108,000,000","1,811,000,000","1,967,000,000","1,771,000,000","1,692,000,000","1,519,000,000","1,297,000,000","1,166,000,000","1,069,000,000","1,858,000,000","1,633,000,000","1,582,000,000","1,092,000,000","879,000,000","1,118,000,000","780,000,000","4,976,000,000"
WorkingCapital,"3,483,000,000","3,217,000,000","2,919,000,000","6,854,000,000","6,539,000,000","6,628,000,000","4,229,000,000","4,270,000,000","4,150,000,000","3,839,000,000","3,419,000,000","3,010,000,000","2,553,000,000","2,535,000,000","1,265,000,000","1,510,000,000","863,000,000","805,000,000","1,083,000,000","1,817,000,000","1,902,000,000","2,218,000,000","2,101,000,000","2,567,000,000","1,679,000,000","1,395,000,000","1,271,000,000","1,306,000,000","1,152,000,000","1,021,000,000","1,194,000,000","1,026,000,000","2,162,000,000","1,869,000,000","1,335,000,000","1,838,000,000","2,084,000,000","1,950,000,000","1,858,000,000","1,930,000,000","1,824,000,000","1,713,000,000","1,568,000,000","2,227,000,000","2,154,000,000","2,128,000,000","1,789,000,000","1,792,000,000","1,932,000,000","2,120,000,000","3,947,000,000"
InvestedCapital,"15,745,000,000","15,501,000,000","15,317,000,000","14,547,000,000","14,549,000,000","14,934,000,000","12,414,000,000","12,302,000,000","12,369,000,000","12,101,000,000","12,006,000,000","11,397,000,000","11,088,000,000","11,195,000,000","8,183,000,000","7,948,000,000","8,033,000,000","7,955,000,000","7,803,000,000","7,716,000,000","7,612,000,000","7,690,000,000","7,448,000,000","8,102,000,000","6,967,000,000","6,578,000,000","6,372,000,000","6,626,000,000","6,447,000,000","6,618,000,000","6,258,000,000","5,438,000,000","5,226,000,000","4,872,000,000","4,961,000,000","5,348,000,000","5,577,000,000","5,410,000,000","5,323,000,000","5,164,000,000","4,947,000,000","4,876,000,000","4,809,000,000","4,496,000,000","4,249,000,000","4,247,000,000","3,791,000,000","3,675,000,000","4,007,000,000","4,186,000,000","5,859,000,000"
TangibleBookValue,"1,605,000,000","1,350,000,000","1,118,000,000","5,115,000,000","4,831,000,000","4,993,000,000","4,872,000,000","4,817,000,000","4,754,000,000","4,541,000,000","4,234,000,000","3,789,000,000","3,437,000,000","1,450,000,000","226,000,000","301,000,000","-303,000,000","-419,000,000","-445,000,000","230,000,000","121,000,000","283,000,000","136,000,000","320,000,000","35,000,000","-222,000,000","-347,000,000","-353,000,000","-535,000,000","-698,000,000","-672,000,000","1,012,000,000","1,210,000,000","863,000,000","1,108,000,000","1,811,000,000","1,967,000,000","1,771,000,000","1,692,000,000","1,519,000,000","1,297,000,000","1,166,000,000","1,069,000,000","1,858,000,000","1,633,000,000","1,582,000,000","1,092,000,000","879,000,000","1,118,000,000","780,000,000","4,976,000,000"
TotalDebt,"7,002,000,000","6,873,000,000","6,852,000,000","6,677,000,000","6,880,000,000","6,937,000,000","4,371,000,000","4,404,000,000","4,441,000,000","4,398,000,000","4,401,000,000","4,328,000,000","4,534,000,000","6,625,000,000","4,693,000,000","4,804,000,000","4,956,000,000","4,980,000,000","4,344,000,000","4,108,000,000","4,089,000,000","4,223,000,000","4,149,000,000","4,899,000,000","4,072,000,000","3,999,000,000","3,971,000,000","4,074,000,000","4,066,000,000","4,353,000,000","4,008,000,000","3,122,000,000","2,736,000,000","2,717,000,000","2,451,000,000","2,454,000,000","2,452,000,000","2,449,000,000","2,412,000,000","2,418,000,000","2,426,000,000","2,478,000,000","2,464,000,000","2,090,000,000","2,064,000,000","2,085,000,000","2,103,000,000","2,173,000,000","2,236,000,000","2,751,000,000","218,000,000"
NetDebt,"5,211,000,000","5,418,000,000","4,960,000,000","1,502,000,000","1,780,000,000","1,661,000,000","928,000,000","1,267,000,000","1,121,000,000","1,194,000,000","1,280,000,000","1,912,000,000","2,261,000,000","4,169,000,000","3,952,000,000","4,042,000,000","4,149,000,000","4,216,000,000","3,777,000,000","3,337,000,000","3,119,000,000","2,878,000,000","2,553,000,000","4,342,000,000","3,280,000,000","3,452,000,000","3,133,000,000","3,679,000,000","3,629,000,000","3,890,000,000","3,473,000,000","2,688,000,000","1,565,000,000","2,159,000,000","1,547,000,000","1,428,000,000","1,286,000,000","1,471,000,000","1,023,000,000","1,365,000,000","1,425,000,000","1,648,000,000","1,359,000,000","456,000,000","541,000,000","673,000,000","740,000,000","921,000,000","914,000,000","1,118,000,000",
ShareIssued,"282,824,285","270,718,099","270,949,579","270,932,774","270,932,774","270,915,292","270,514,140","270,507,574","270,507,574","270,462,749","270,025,374","270,025,374","270,025,374","254,853,978","255,288,240","255,654,873","256,192,757","257,840,184","259,991,022","264,097,440","264,845,247","264,761,036","265,839,794","265,839,088","266,844,078","267,867,177","269,789,959","271,277,612","272,764,736","273,635,651","278,208,470","280,614,686","285,906,302","289,533,912","291,619,411","296,656,638","301,015,232","304,246,927","306,389,149","308,080,000","310,200,000","312,588,561","315,299,183","317,554,040","322,997,253","328,244,510","328,244,510","328,244,510","328,244,510","328,244,510","328,244,510"
OrdinarySharesNumber,"282,824,285","270,718,099","270,949,579","270,932,774","270,932,774","270,915,292","270,514,140","270,507,574","270,507,574","270,462,749","270,025,374","270,025,374","270,025,374","254,853,978","255,288,240","255,654,873","256,192,757","257,840,184","259,991,022","264,097,440","264,845,247","264,761,036","265,839,794","265,839,088","266,844,078","267,867,177","269,789,959","271,277,612","272,764,736","273,635,651","278,208,470","280,614,686","285,906,302","289,533,912","291,619,411","296,656,638","301,015,232","304,246,927","306,389,149","308,080,000","310,200,000","312,588,561","315,299,183","317,554,040","322,997,253","328,244,510","328,244,510","328,244,510","328,244,510","328,244,510","328,244,510"
PreferredSharesNumber,"11,500,000","11,500,000","11,500,000","11,500,000","11,500,000","11,500,000","11,500,000","11,500,000","11,500,000","11,500,000","11,500,000","11,500,000","11,500,000","11,500,000","11,500,000","11,500,000","11,500,000","11,500,000","11,500,000","11,500,000",,"11,500,000","11,500,000","11,500,000","11,500,000","11,500,000","11,500,000","11,500,000","11,500,000","11,500,000","11,500,000","11,500,000","11,500,000","11,500,000","11,500,000","11,500,000","11,500,000","11,500,000","11,500,000","11,500,000","11,500,000","11,500,000","11,500,000","11,500,000","11,500,000","11,500,000","11,500,000",,,,